budget,genres,id,release_date,revenue,title,year,movie_id,total_personas_efectos
237000000,"['Action', 'Adventure', 'Fantasy', 'Science Fiction']",19995,2009-12-10,2787965087,Avatar,2009,19995,26
260000000,"['Action', 'Adventure', 'Science Fiction']",49529,2012-03-07,284139100,John Carter,2012,49529,5
280000000,"['Action', 'Adventure', 'Science Fiction']",99861,2015-04-22,1405403694,Avengers: Age of Ultron,2015,99861,5
270000000,"['Adventure', 'Fantasy', 'Action', 'Science Fiction']",1452,2006-06-28,391081192,Superman Returns,2006,1452,0
225000000,"['Action', 'Adventure', 'Fantasy', 'Science Fiction']",49521,2013-06-12,662845518,Man of Steel,2013,49521,3
220000000,"['Science Fiction', 'Action', 'Adventure']",24428,2012-04-25,1519557910,The Avengers,2012,24428,29
225000000,"['Action', 'Comedy', 'Science Fiction']",41154,2012-05-23,624026776,Men in Black 3,2012,41154,1
250000000,"['Adventure', 'Action', 'Science Fiction']",271110,2016-04-27,1153304495,Captain America: Civil War,2016,271110,16
209000000,"['Thriller', 'Action', 'Adventure', 'Science Fiction']",44833,2012-04-11,303025485,Battleship,2012,44833,18
150000000,"['Action', 'Adventure', 'Science Fiction', 'Thriller']",135397,2015-06-09,1513528810,Jurassic World,2015,135397,59
200000000,"['Action', 'Adventure', 'Science Fiction']",68721,2013-04-18,1215439994,Iron Man 3,2013,68721,2
210000000,"['Adventure', 'Action', 'Science Fiction', 'Thriller']",36668,2006-05-24,459359555,X-Men: The Last Stand,2006,36668,2
150000000,"['Science Fiction', 'Action', 'Adventure']",8373,2009-06-19,836297228,Transformers: Revenge of the Fallen,2009,8373,3
210000000,"['Science Fiction', 'Action', 'Adventure']",91314,2014-06-25,1091405097,Transformers: Age of Extinction,2014,91314,15
170000000,"['Adventure', 'Action', 'Science Fiction']",20526,2010-12-10,400062763,TRON: Legacy,2010,20526,1
200000000,"['Adventure', 'Action', 'Thriller', 'Science Fiction']",44912,2011-06-16,219851172,Green Lantern,2011,44912,5
200000000,"['Action', 'Science Fiction', 'Thriller']",534,2009-05-20,371353001,Terminator Salvation,2009,534,0
200000000,"['Action', 'Drama', 'Horror', 'Science Fiction', 'Thriller']",72190,2013-06-20,531865000,World War Z,2013,72190,2
250000000,"['Action', 'Adventure', 'Fantasy', 'Science Fiction']",127585,2014-05-15,747862775,X-Men: Days of Future Past,2014,127585,12
190000000,"['Action', 'Adventure', 'Science Fiction']",54138,2013-05-05,467365246,Star Trek Into Darkness,2013,54138,17
180000000,"['Action', 'Science Fiction', 'Adventure']",68726,2013-07-11,407602906,Pacific Rim,2013,68726,2
195000000,"['Action', 'Science Fiction', 'Adventure']",38356,2011-06-28,1123746996,Transformers: Dark of the Moon,2011,38356,0
185000000,"['Action', 'Adventure', 'Science Fiction']",188927,2016-07-07,343471816,Star Trek Beyond,2016,188927,15
200000000,"['Action', 'Adventure', 'Science Fiction']",14161,2009-10-10,769653595,2012,2009,14161,22
176000003,"['Science Fiction', 'Fantasy', 'Action', 'Adventure']",76757,2015-02-04,183987723,Jupiter Ascending,2015,76757,21
178000000,['Science Fiction'],246655,2016-05-18,543934787,X-Men: Apocalypse,2016,246655,9
175000000,"['Animation', 'Family', 'Adventure', 'Science Fiction']",15512,2009-03-19,381509870,Monsters vs Aliens,2009,15512,2
140000000,"['Action', 'Science Fiction', 'Adventure']",1726,2008-04-30,585174222,Iron Man,2008,1726,1
170000000,"['Action', 'Adventure', 'Comedy', 'Science Fiction', 'Western']",8487,1999-06-29,222104681,Wild Wild West,1999,8487,0
175000000,"['Action', 'Adventure', 'Crime', 'Fantasy', 'Science Fiction']",297761,2016-08-02,745000000,Suicide Squad,2016,297761,7
178000000,"['Action', 'Science Fiction']",137113,2014-05-27,370541256,Edge of Tomorrow,2014,137113,11
175000000,"['Adventure', 'Action', 'Thriller', 'Science Fiction']",14869,2009-08-04,302469017,G.I. Joe: The Rise of Cobra,2009,14869,2
200000000,"['Adventure', 'Action', 'Science Fiction']",10138,2010-04-28,623933331,Iron Man 2,2010,10138,1
170000000,"['Science Fiction', 'Action', 'Drama', 'Thriller']",119450,2014-06-26,710644566,Dawn of the Planet of the Apes,2014,119450,19
27000000,"['Action', 'Adventure', 'Science Fiction', 'Romance']",79698,2015-02-13,0,The Lovers,2015,79698,6
170000000,"['Action', 'Adventure', 'Science Fiction']",100402,2014-03-20,714766572,Captain America: The Winter Soldier,2014,100402,0
190000000,"['Adventure', 'Family', 'Mystery', 'Science Fiction']",158852,2015-05-19,209154322,Tomorrowland,2015,158852,3
165000000,"['Action', 'Adventure', 'Science Fiction']",47933,2016-06-22,389681935,Independence Day: Resurgence,2016,47933,9
200000000,"['Action', 'Thriller', 'Science Fiction']",296,2003-07-02,435000000,Terminator 3: Rise of the Machines,2003,296,7
170000000,"['Action', 'Science Fiction', 'Adventure']",118340,2014-07-30,773328629,Guardians of the Galaxy,2014,118340,20
165000000,"['Adventure', 'Drama', 'Science Fiction']",157336,2014-11-05,675120017,Interstellar,2014,157336,11
160000000,"['Action', 'Thriller', 'Science Fiction', 'Mystery', 'Adventure']",27205,2010-07-14,825532764,Inception,2010,27205,0
15000000,"['Action', 'Adventure', 'Drama', 'Horror', 'Science Fiction']",315011,2016-07-29,77000000,Shin Godzilla,2016,315011,4
160000000,"['Action', 'Science Fiction', 'Adventure']",49538,2011-05-24,353624124,X-Men: First Class,2011,49538,4
160000000,"['Action', 'Adventure', 'Science Fiction']",131634,2015-11-18,653428261,The Hunger Games: Mockingjay - Part 2,2015,131634,11
155000000,"['Science Fiction', 'Action', 'Thriller', 'Adventure']",87101,2015-06-23,440603537,Terminator Genisys,2015,87101,24
150000000,"['Adventure', 'Science Fiction', 'Action']",1858,2007-06-27,709709780,Transformers,2007,1858,2
150000000,"['Drama', 'Horror', 'Action', 'Thriller', 'Science Fiction']",6479,2007-12-14,585349010,I Am Legend,2007,6479,1
150000000,"['Adventure', 'Action', 'Thriller', 'Science Fiction']",2080,2009-04-28,373062864,X-Men Origins: Wolverine,2009,2080,1
150000000,"['Adventure', 'Action', 'Thriller', 'Science Fiction']",605,2003-11-05,424988211,The Matrix Revolutions,2003,605,2
150000000,"['Adventure', 'Action', 'Thriller', 'Science Fiction']",604,2003-05-15,738599701,The Matrix Reloaded,2003,604,1
150000000,"['Action', 'Adventure', 'Science Fiction', 'Thriller']",76341,2015-05-13,378858340,Mad Max: Fury Road,2015,76341,4
140000000,"['Action', 'Thriller', 'Science Fiction', 'Adventure']",95,1998-07-01,553799566,Armageddon,1998,95,12
140000000,"['Action', 'Adventure', 'Comedy', 'Science Fiction']",608,2002-07-03,441818803,Men in Black II,2002,608,10
150000000,"['Science Fiction', 'Action', 'Adventure']",13475,2009-05-06,385680446,Star Trek,2009,13475,0
130000000,"['Action', 'Mystery', 'Science Fiction']",13183,2009-03-05,185258983,Watchmen,2009,13183,0
137000000,"['Drama', 'Action', 'Science Fiction']",1927,2003-06-19,245360480,Hulk,2003,1927,12
130000000,"['Adventure', 'Action', 'Science Fiction', 'Thriller']",72559,2013-03-26,371876278,G.I. Joe: Retaliation,2013,72559,0
137000000,"['Adventure', 'Action', 'Animation', 'Fantasy', 'Science Fiction', 'Thriller']",2114,2001-07-02,85131830,Final Fantasy: The Spirits Within,2001,2114,5
140000000,"['Action', 'Adventure', 'Science Fiction']",1771,2011-07-22,370569774,Captain America: The First Avenger,2011,1771,19
150000000,"['Science Fiction', 'Action', 'Adventure']",1724,2008-06-12,163712074,The Incredible Hulk,2008,1724,3
130000000,"['Science Fiction', 'Action', 'Adventure']",102899,2015-07-14,519311965,Ant-Man,2015,102899,7
130000000,"['Adventure', 'Action', 'Science Fiction']",101299,2013-11-15,847423452,The Hunger Games: Catching Fire,2013,101299,4
135000000,"['Fantasy', 'Comedy', 'Animation', 'Science Fiction', 'Family']",228161,2015-03-18,368871007,Home,2015,228161,6
132000000,"['Adventure', 'Thriller', 'Science Fiction']",74,2005-06-28,591739379,War of the Worlds,2005,74,11
130000000,"['Science Fiction', 'Action', 'Adventure']",82700,2013-05-30,243843127,After Earth,2013,82700,22
130000000,"['Animation', 'Action', 'Comedy', 'Family', 'Science Fiction']",38055,2010-10-28,321887208,Megamind,2010,38055,1
125000000,"['Science Fiction', 'Adventure', 'Thriller']",131631,2014-11-18,752100229,The Hunger Games: Mockingjay - Part 1,2014,131631,19
110000000,"['Adventure', 'Action', 'Science Fiction', 'Thriller']",36658,2003-04-24,407711549,X2,2003,36658,2
65000000,"['Action', 'Adventure', 'Science Fiction']",861,1990-06-01,261317921,Total Recall,1990,861,0
125000000,"['Action', 'Adventure', 'Science Fiction', 'Thriller']",435,2004-05-26,544272402,The Day After Tomorrow,2004,435,35
130000000,"['Science Fiction', 'Adventure', 'Mystery']",70981,2012-05-30,403170142,Prometheus,2012,70981,7
115000000,"['Science Fiction', 'Action', 'Drama', 'Thriller']",68724,2013-08-07,286140700,Elysium,2013,68724,14
105000000,"['Action', 'Science Fiction']",2789,2004-06-11,115772733,The Chronicles of Riddick,2004,2789,15
120000000,"['Action', 'Science Fiction']",97020,2014-01-30,242688965,RoboCop,2014,97020,1
120000000,"['Action', 'Family', 'Science Fiction']",7459,2008-05-09,93945766,Speed Racer,2008,7459,2
120000000,"['Action', 'Science Fiction', 'Adventure', 'Mystery']",75612,2013-04-10,286168572,Oblivion,2013,75612,0
113000000,"['Science Fiction', 'Adventure', 'Action']",1895,2005-05-17,850000000,Star Wars: Episode III - Revenge of the Sith,2005,1895,0
120000000,"['Adventure', 'Action', 'Science Fiction']",1894,2002-05-15,649398328,Star Wars: Episode II - Attack of the Clones,2002,1894,2
120000000,"['Action', 'Science Fiction', 'Adventure', 'Fantasy']",76170,2013-07-23,415440673,The Wolverine,2013,76170,5
115000000,"['Adventure', 'Action', 'Science Fiction']",1893,1999-05-19,924317558,Star Wars: Episode I - The Phantom Menace,1999,1893,1
125000000,"['Science Fiction', 'Action', 'Adventure', 'Fantasy', 'Comedy']",98566,2014-08-07,477200000,Teenage Mutant Ninja Turtles,2014,98566,31
105000000,"['Science Fiction', 'Thriller', 'Drama']",49047,2013-09-27,716392705,Gravity,2013,49047,19
120000000,"['Action', 'Adventure', 'Science Fiction']",166424,2015-08-05,167977596,Fantastic Four,2015,166424,16
110000000,"['Adventure', 'Science Fiction', 'Thriller']",262500,2015-03-18,295238201,Insurgent,2015,262500,2
110000000,"['Adventure', 'Science Fiction']",262504,2016-03-09,179246868,Allegiant,2016,262504,30
110000000,"['Action', 'Science Fiction', 'Drama']",39254,2011-09-28,299268508,Real Steel,2011,39254,1
110000000,"['Science Fiction', 'Action', 'Adventure']",80274,2013-10-23,125537191,Ender's Game,2013,80274,21
120000000,"['Action', 'Science Fiction']",2048,2004-07-15,347234916,"I, Robot",2004,2048,10
108000000,"['Drama', 'Adventure', 'Science Fiction']",286217,2015-09-30,630161890,The Martian,2015,286217,22
126000000,"['Action', 'Thriller', 'Science Fiction', 'Adventure']",1635,2005-07-20,162949164,The Island,2005,1635,2
102000000,"['Action', 'Thriller', 'Science Fiction', 'Mystery']",180,2002-06-20,358372926,Minority Report,2002,180,13
100000000,"['Thriller', 'Science Fiction', 'Action', 'Adventure']",869,2001-07-25,362211740,Planet of the Apes,2001,869,1
100000000,"['Action', 'Thriller', 'Science Fiction']",280,1991-07-01,520000000,Terminator 2: Judgment Day,1991,280,3
105000000,"['Adventure', 'Action', 'Thriller', 'Science Fiction']",563,1997-11-06,121214377,Starship Troopers,1997,563,2
102000000,"['Drama', 'Science Fiction']",83542,2012-10-26,130482868,Cloud Atlas,2012,83542,23
140000000,"['Adventure', 'Animation', 'Family', 'Fantasy', 'Science Fiction']",9016,2002-11-26,109578115,Treasure Planet,2002,9016,5
100000000,"['Adventure', 'Comedy', 'Science Fiction']",18162,2009-06-05,68688831,Land of the Lost,2009,18162,0
100000000,"['Action', 'Comedy', 'Science Fiction']",11692,2002-08-15,7103973,The Adventures of Pluto Nash,2002,11692,0
90000000,"['Action', 'Comedy', 'Science Fiction']",9890,2004-06-10,102000000,The Stepford Wives,2004,9890,0
90000000,"['Adventure', 'Fantasy', 'Action', 'Thriller', 'Science Fiction']",18,1997-05-07,263920180,The Fifth Element,1997,18,8
100000000,"['Thriller', 'Science Fiction', 'Drama', 'Mystery']",157353,2014-04-16,103039258,Transcendence,2014,157353,2
93000000,"['Adventure', 'Action', 'Thriller', 'Science Fiction']",331,2001-07-18,368780809,Jurassic Park III,2001,331,7
93000000,"['Thriller', 'Action', 'Drama', 'Science Fiction']",61791,2011-08-03,482860185,Rise of the Planet of the Apes,2011,61791,19
90000000,"['Action', 'Adventure', 'Comedy', 'Science Fiction']",607,1997-07-02,589390539,Men in Black,1997,607,9
120000000,"['Animation', 'Family', 'Adventure', 'Science Fiction']",10865,2001-06-02,186053725,Atlantis: The Lost Empire,2001,10865,9
88000000,"['Action', 'Comedy', 'Science Fiction']",257344,2015-07-16,243637091,Pixels,2015,257344,16
100000000,"['Drama', 'Science Fiction', 'Adventure']",644,2001-06-29,235926552,A.I. Artificial Intelligence,2001,644,10
90000000,"['Drama', 'Science Fiction', 'Mystery']",686,1997-07-11,171120329,Contact,1997,686,16
95000000,"['Action', 'Science Fiction', 'Thriller']",9383,2000-08-04,190213455,Hollow Man,2000,9383,0
68000000,"['Thriller', 'Action', 'Romance', 'Science Fiction', 'Adventure']",10003,1997-04-03,118063304,The Saint,1997,10003,0
90000000,['Science Fiction'],2067,2000-03-10,60874615,Mission to Mars,2000,2067,2
100000000,"['Comedy', 'Science Fiction']",2277,1999-12-17,93700000,Bicentennial Man,1999,2277,1
90000000,"['Science Fiction', 'Action', 'Drama', 'Thriller']",10357,1997-04-25,0,Volcano,1997,10357,0
85000000,"['Adventure', 'Action', 'Science Fiction']",157350,2014-03-14,288747895,Divergent,2014,157350,4
85000000,"['Adventure', 'Fantasy', 'Drama', 'Comedy', 'Science Fiction', 'Family']",62764,2012-03-15,183018522,Mirror Mirror,2012,62764,3
60000000,"['Action', 'Thriller', 'Adventure', 'Science Fiction']",9341,2003-03-28,74208267,The Core,2003,9341,28
84000000,"['Fantasy', 'Comedy', 'Romance', 'Science Fiction']",12107,2000-07-27,123307945,Nutty Professor II: The Klumps,2000,12107,0
50000000,"['Action', 'Science Fiction']",49049,2012-09-07,41037742,Dredd,2012,49049,11
85000000,"['Adventure', 'Fantasy', 'Science Fiction']",8247,2008-02-10,222231186,Jumper,2008,8247,4
85000000,"['Adventure', 'Fantasy', 'Science Fiction']",11253,2008-07-11,160388063,Hellboy II: The Golden Army,2008,11253,0
82000000,['Science Fiction'],8452,2000-11-17,96085477,The 6th Day,2000,8452,7
75000000,"['Science Fiction', 'Adventure', 'Fantasy']",70160,2012-03-12,691210692,The Hunger Games,2012,70160,8
75000000,"['Animation', 'Comedy', 'Family', 'Science Fiction']",9928,2005-03-10,260696994,Robots,2005,9928,4
80000000,"['Action', 'Crime', 'Science Fiction', 'Thriller']",754,1997-06-27,245676146,Face/Off,1997,754,0
80000000,"['Action', 'Thriller', 'Science Fiction']",20504,2010-01-14,157107755,The Book of Eli,2010,20504,9
80000000,"['Comedy', 'Family', 'Science Fiction']",9574,1997-11-26,177977226,Flubber,1997,9574,1
80000000,"['Drama', 'Science Fiction', 'Thriller']",10200,2008-12-10,233093859,The Day the Earth Stood Still,2008,10200,11
80000000,"['Adventure', 'Family', 'Science Fiction']",2157,1998-04-03,136159423,Lost in Space,1998,2157,9
80000000,"['Science Fiction', 'Adventure', 'Action']",2135,2002-03-04,123729176,The Time Machine,2002,2135,0
70000000,"['Comedy', 'Fantasy', 'Science Fiction']",75,1996-12-12,101371017,Mars Attacks!,1996,75,2
80000000,"['Action', 'Science Fiction', 'Thriller']",19959,2009-09-24,122444772,Surrogates,2009,19959,2
44000000,"['Action', 'Science Fiction', 'War']",5491,2000-05-10,21400000,Battlefield Earth,2000,5491,1
80000000,"['Action', 'Adventure', 'Science Fiction']",9562,2003-11-26,19480739,Timeline,2003,9562,6
80000000,"['Thriller', 'Action', 'Science Fiction']",8870,2000-11-10,33463969,Red Planet,2000,8870,8
80000000,"['Thriller', 'Science Fiction', 'Adventure', 'Action']",10077,2005-05-15,5989640,A Sound of Thunder,2005,10077,0
79000000,"['Adventure', 'Action', 'Science Fiction']",72545,2012-01-19,355692760,Journey 2: The Mysterious Island,2012,72545,18
80000000,"['Science Fiction', 'Thriller']",4858,2007-08-17,15071514,The Invasion,2007,4858,0
78000000,"['Fantasy', 'Action', 'Thriller', 'Science Fiction']",8698,2003-07-11,179265204,The League of Extraordinary Gentlemen,2003,8698,17
75000000,"['Action', 'Adventure', 'Science Fiction']",602,1996-06-25,816969268,Independence Day,1996,602,4
73000000,"['Adventure', 'Action', 'Science Fiction']",330,1997-05-23,229074524,The Lost World: Jurassic Park,1997,330,3
76000000,"['Drama', 'Action', 'Thriller', 'Science Fiction']",9693,2006-09-22,69959751,Children of Men,2006,9693,11
75000000,"['Adventure', 'Action', 'Science Fiction']",36657,2000-07-13,296339527,X-Men,2000,36657,1
75000000,"['Animation', 'Action', 'Science Fiction', 'Family', 'Adventure']",7450,2000-06-16,36754634,Titan A.E.,2000,7450,8
75000000,"['Action', 'War', 'Science Fiction']",9425,1998-10-23,14567883,Soldier,1998,9425,10
75000000,"['Science Fiction', 'Thriller', 'Drama']",9741,2000-11-13,248118121,Unbreakable,2000,9741,2
75000000,['Science Fiction'],10153,1998-02-13,13100000,Sphere,1998,10153,8
72000000,"['Drama', 'Thriller', 'Science Fiction', 'Mystery']",2675,2002-08-02,408247917,Signs,2002,2675,6
68000000,"['Drama', 'Mystery', 'Romance', 'Science Fiction', 'Thriller']",1903,2001-12-10,203388341,Vanilla Sky,2001,1903,0
70000000,"['Adventure', 'Science Fiction', 'Action']",395,2004-08-12,171183863,AVP: Alien vs. Predator,2004,395,16
70000000,"['Science Fiction', 'Action', 'Adventure', 'Thriller']",200,1998-12-10,118000000,Star Trek: Insurrection,1998,200,0
70000000,"['Action', 'Science Fiction']",44943,2011-03-08,202466756,Battle: Los Angeles,2011,44943,11
70000000,"['Adventure', 'Action', 'Thriller', 'Science Fiction']",2756,1989-08-09,90000098,The Abyss,1989,2756,10
70000000,"['Mystery', 'Action', 'Thriller', 'Science Fiction', 'Adventure']",5137,2004-09-17,57958696,Sky Captain and the World of Tomorrow,2004,5137,12
68000000,"['Adventure', 'Fantasy', 'Action', 'Comedy', 'Science Fiction']",9824,1999-08-06,29762011,Mystery Men,1999,9824,0
66000000,"['Mystery', 'Science Fiction', 'Thriller']",846,1998-06-19,189198313,The X Files,1998,846,0
68000000,"['Drama', 'Horror', 'Science Fiction', 'Thriller']",6171,2003-03-21,75715436,Dreamcatcher,2003,6171,8
63000000,"['Action', 'Science Fiction']",603,1999-03-30,463517383,The Matrix,1999,603,3
65000000,"['Science Fiction', 'Action', 'Horror', 'Thriller', 'Adventure', 'Fantasy']",36648,2004-12-08,128905366,Blade: Trinity,2004,36648,12
65000000,"['Action', 'Horror', 'Science Fiction']",71679,2012-09-12,240159255,Resident Evil: Retribution,2012,71679,2
45000000,"['Action', 'Thriller', 'Science Fiction']",10483,2008-08-22,73762516,Death Race,2008,10483,4
65000000,"['Family', 'Fantasy', 'Science Fiction', 'Adventure']",6795,2005-11-06,64321501,Zathura: A Space Adventure,2005,6795,0
63000000,"['Comedy', 'Crime', 'Science Fiction']",818,2002-07-26,296655431,Austin Powers in Goldmember,2002,818,5
65000000,"['Animation', 'Action', 'Family', 'Science Fiction']",16577,2009-10-15,44091067,Astro Boy,2009,16577,1
63000000,"['Adventure', 'Science Fiction']",329,1993-06-11,920100000,Jurassic Park,1993,329,7
60000000,"['Action', 'Science Fiction', 'Thriller']",8914,1999-07-28,73648228,Deep Blue Sea,1999,8914,19
60000000,"['Drama', 'Thriller', 'Science Fiction']",39538,2011-09-08,137551594,Contagion,2011,39538,0
60000000,"['Thriller', 'Science Fiction']",8645,2008-06-11,163403799,The Happening,2008,8645,0
66000000,"['Fantasy', 'Action', 'Science Fiction']",1487,2004-04-02,99318987,Hellboy,2004,1487,10
60000000,"['Action', 'Adventure', 'Mystery', 'Science Fiction', 'Thriller']",9620,2003-12-25,96269812,Paycheck,2003,9620,6
70000000,"['Science Fiction', 'Horror', 'Action']",8078,1997-11-12,162000000,Alien: Resurrection,1997,8078,7
65000000,"['Comedy', 'Drama', 'Family', 'Science Fiction']",9849,1999-02-11,36850101,My Favorite Martian,1999,9849,1
70000000,"['Science Fiction', 'Animation', 'Family', 'Comedy', 'Adventure']",16866,2009-11-19,104945765,Planet 51,2009,16866,1
60000000,"['Science Fiction', 'Action', 'Adventure', 'Thriller']",201,2002-12-13,67312826,Star Trek: Nemesis,2002,201,0
60000000,"['Action', 'Science Fiction', 'Fantasy', 'Thriller', 'Horror']",38321,2011-05-05,78309131,Priest,2011,38321,2
60000000,"['Horror', 'Science Fiction', 'Mystery']",8413,1997-08-15,26673242,Event Horizon,1997,8413,5
90000000,"['Horror', 'Science Fiction', 'Thriller']",10384,2000-01-14,14828081,Supernova,2000,10384,7
60000000,"['Comedy', 'Science Fiction', 'Adventure', 'Family']",11260,2008-07-08,50650079,Meet Dave,2008,11260,1
60000000,"['Action', 'Comedy', 'Thriller', 'Crime', 'Science Fiction']",8285,2008-12-25,39031337,The Spirit,2008,8285,0
83000000,"['Science Fiction', 'Comedy', 'Family', 'Romance']",889,2000-04-28,59468275,The Flintstones in Viva Rock Vegas,2000,889,0
60000000,"['Action', 'Adventure', 'Horror', 'Science Fiction']",35791,2010-09-09,300228084,Resident Evil: Afterlife,2010,35791,0
55000000,"['Action', 'Adventure', 'Fantasy', 'Science Fiction']",1924,1978-12-13,300218018,Superman,1978,1924,0
54000000,"['Fantasy', 'Comedy', 'Romance', 'Science Fiction']",9327,1996-06-26,128769345,The Nutty Professor,1996,9327,0
50000000,"['Science Fiction', 'Action', 'Horror']",8077,1992-05-22,159773545,Alien³,1992,8077,1
50000000,"['Action', 'Drama', 'Science Fiction', 'Thriller']",12123,1996-08-02,60209334,Chain Reaction,1996,12123,0
62000000,"['Action', 'Science Fiction']",8202,2005-11-30,52304001,Æon Flux,2005,8202,0
57000000,"['Action', 'Adventure', 'Comedy', 'Family', 'Fantasy', 'Science Fiction']",14623,2004-07-23,28283637,Thunderbirds,2004,14623,0
54000000,"['Action', 'Adventure', 'Fantasy', 'Science Fiction']",8536,1980-12-04,190458706,Superman II,1980,8536,3
50200000,"['Science Fiction', 'Thriller', 'Romance']",38050,2011-03-03,127869379,The Adjustment Bureau,2011,38050,10
50000000,"['Thriller', 'Science Fiction', 'Mystery']",37686,2011-06-08,260095987,Super 8,2011,37686,0
50000000,"['Action', 'Adventure', 'Drama', 'Mystery', 'Science Fiction', 'Thriller']",10329,1995-06-09,152022101,Congo,1995,10329,0
50000000,"['Action', 'Adventure', 'Drama', 'Mystery', 'Science Fiction', 'Thriller']",13811,2009-03-19,155446362,Knowing,2009,13811,0
50000000,"['Action', 'Drama', 'Science Fiction', 'Thriller']",6950,1995-03-10,189859560,Outbreak,1995,6950,0
50000000,"['Adventure', 'Family', 'Fantasy', 'Science Fiction', 'Thriller', 'Action']",13836,2009-03-12,106303988,Race to Witch Mountain,2009,13836,0
50000000,"['Action', 'Thriller', 'Science Fiction', 'Adventure']",46529,2011-02-18,144492830,I Am Number Four,2011,46529,1
45000000,"['Horror', 'Action', 'Science Fiction']",1577,2004-09-10,129394835,Resident Evil: Apocalypse,2004,1577,6
50000000,"['Adventure', 'Family', 'Science Fiction']",14199,2005-06-10,69425966,The Adventures of Sharkboy and Lavagirl,2005,14199,3
44000000,"['Action', 'Adventure', 'Romance', 'Science Fiction', 'Thriller']",72710,2013-03-22,63327201,The Host,2013,72710,1
50000000,"['Action', 'Adventure', 'Science Fiction', 'Thriller']",10061,1996-08-09,42277365,Escape from L.A.,1996,10061,0
70000000,"['Adventure', 'Animation', 'Family', 'Fantasy', 'Science Fiction']",10386,1999-08-06,23159305,The Iron Giant,1999,10386,9
50000000,"['Action', 'Thriller', 'Science Fiction']",18501,2009-09-03,40828540,Gamer,2009,18501,13
60000000,"['Comedy', 'Drama', 'Romance', 'Science Fiction']",10416,2000-03-03,0,What Planet Are You From?,2000,10416,0
50000000,"['Action', 'Adventure', 'Science Fiction', 'Thriller']",15268,2009-02-27,12764201,Street Fighter: The Legend of Chun-Li,2009,15268,0
49000000,"['Action', 'Science Fiction', 'Thriller']",10796,2001-11-02,72700000,The One,2001,10796,11
49000000,"['Crime', 'Action', 'Science Fiction']",198184,2015-03-04,104399548,Chappie,2015,198184,10
48000000,"['Drama', 'Science Fiction']",167,2001-10-22,50315140,K-PAX,2001,167,2
47000000,"['Animation', 'Comedy', 'Family', 'Fantasy', 'Science Fiction']",5393,2006-09-14,38085778,Happily N'Ever After,2006,5393,6
46000000,"['Science Fiction', 'Action', 'Adventure', 'Thriller']",199,1996-11-21,150000000,Star Trek: First Contact,1996,199,0
45000000,"['Action', 'Science Fiction', 'Adventure', 'Comedy', 'Family']",88751,2008-07-10,101702060,Journey to the Center of the Earth,2008,88751,0
45000000,"['Comedy', 'Family', 'Science Fiction']",926,1999-12-23,90683916,Galaxy Quest,1999,926,2
50000000,"['Adventure', 'Comedy', 'Family', 'Science Fiction']",7453,2005-01-15,104478416,The Hitchhiker's Guide to the Galaxy,2005,7453,0
45000000,"['Horror', 'Action', 'Science Fiction']",7737,2007-09-20,148412065,Resident Evil: Extinction,2007,7737,0
40000000,"['Action', 'Science Fiction', 'Adventure']",841,1984-12-14,30925690,Dune,1984,841,0
70000000,"['Action', 'Adventure', 'Science Fiction', 'Thriller']",9381,2008-08-20,72108608,Babylon A.D.,2008,9381,3
45000000,"['Comedy', 'Fantasy', 'Science Fiction']",9304,1996-07-19,0,Multiplicity,1996,9304,0
45000000,"['Adventure', 'Comedy', 'Family', 'Fantasy', 'Science Fiction']",20856,2009-07-31,57881056,Aliens in the Attic,2009,20856,4
45000000,"['Adventure', 'Action', 'Horror', 'Science Fiction']",9457,1998-01-30,11203026,Deep Rising,1998,9457,5
50000000,"['Fantasy', 'Action', 'Science Fiction', 'Thriller']",834,2006-01-12,111340801,Underworld: Evolution,2006,834,0
40000000,"['Drama', 'Science Fiction', 'Thriller']",228066,2015-11-10,34227298,Victor Frankenstein,2015,228066,18
40000000,"['Adventure', 'Comedy', 'Family', 'Science Fiction']",165,1989-11-20,332000000,Back to the Future Part II,1989,165,0
40000000,"['Action', 'Science Fiction']",240832,2014-07-14,126546825,Lucy,2014,240832,10
38000000,"['Action', 'Adventure', 'Comedy', 'Family', 'Science Fiction']",12279,2003-07-25,197011982,Spy Kids 3-D: Game Over,2003,12279,0
40000000,"['Adventure', 'Comedy', 'Family', 'Science Fiction']",196,1990-05-25,244527583,Back to the Future Part III,1990,196,0
40000000,"['Comedy', 'Adventure', 'Fantasy', 'Science Fiction', 'Action']",11551,1998-07-10,54682547,Small Soldiers,1998,11551,5
40000000,"['Action', 'Adventure', 'Fantasy', 'Horror', 'Science Fiction', 'Thriller']",10336,1997-07-31,87840042,Spawn,1997,10336,1
40000000,"['Animation', 'Comedy', 'Adventure', 'Family', 'Science Fiction']",68179,2013-02-14,74597643,Escape from Planet Earth,2013,68179,0
40000000,"['Action', 'Science Fiction', 'Adventure', 'Thriller']",34851,2010-07-03,126248813,Predators,2010,34851,2
40000000,"['Fantasy', 'Action', 'Science Fiction', 'Thriller', 'Horror']",440,2007-12-25,41797066,Aliens vs Predator: Requiem,2007,440,4
40000000,"['Adventure', 'Comedy', 'Science Fiction']",39513,2011-02-14,97552050,Paul,2011,39513,3
25000000,"['Adventure', 'Fantasy', 'Action', 'Thriller', 'Science Fiction']",8850,1994-07-01,48063435,The Shadow,1994,8850,0
40000000,"['Fantasy', 'Horror', 'Science Fiction']",9306,1996-08-23,49627779,The Island of Dr. Moreau,1996,9306,0
40000000,"['Comedy', 'Fantasy', 'Science Fiction']",2687,1992-02-28,14358033,Memoirs of an Invisible Man,1992,2687,1
45000000,"['Action', 'Science Fiction']",10366,1999-08-05,10667893,Universal Soldier: The Return,1999,10366,0
33000000,"['Action', 'Horror', 'Mystery', 'Science Fiction', 'Thriller']",19898,2009-09-08,20645327,Pandorum,2009,19898,0
40000000,"['Action', 'Science Fiction', 'Thriller']",4965,2001-12-03,0,Impostor,2001,4965,1
50000000,"['Science Fiction', 'Thriller']",1272,2007-04-05,32017803,Sunshine,2007,1272,0
40000000,"['Adventure', 'Fantasy', 'Animation', 'Comedy', 'Science Fiction', 'Family']",20542,2008-12-12,0,Delgo,2008,20542,1
39200000,"['Action', 'Science Fiction', 'Drama']",110415,2013-08-01,86758912,Snowpiercer,2013,110415,1
39000000,"['Science Fiction', 'Action', 'Adventure', 'Thriller']",16320,2005-08-25,38869464,Serenity,2005,16320,0
39000000,"['Comedy', 'Action', 'Adventure', 'Fantasy', 'Science Fiction']",9531,1983-06-17,75850624,Superman III,1983,9531,0
38000000,"['Science Fiction', 'Action', 'Adventure', 'Thriller']",193,1994-11-17,120000000,Star Trek: Generations,1994,193,0
15000000,"['Horror', 'Mystery', 'Science Fiction']",1091,1982-06-25,19629760,The Thing,1982,1091,0
38000000,"['Science Fiction', 'Action', 'Thriller']",87421,2013-09-02,98337295,Riddick,2013,87421,1
38000000,"['Adventure', 'Science Fiction']",299687,2016-01-14,109906372,The 5th Wave,2016,299687,15
36500000,"['Action', 'Fantasy', 'Science Fiction', 'Thriller']",16911,2008-12-18,21834845,The Inhabited Island,2008,16911,6
36000000,"['Science Fiction', 'Comedy', 'Adventure']",23048,2010-03-26,64572262,Hot Tub Time Machine,2010,23048,0
36000000,"['Thriller', 'Science Fiction', 'Mystery', 'Romance']",782,1997-09-07,12532777,Gattaca,1997,782,3
33000000,"['Adventure', 'Comedy', 'Crime', 'Science Fiction']",817,1999-06-08,310940086,Austin Powers: The Spy Who Shagged Me,1999,817,1
35000000,"['Science Fiction', 'Adventure', 'Mystery']",152,1979-12-06,139000000,Star Trek: The Motion Picture,1979,152,0
35000000,"['Science Fiction', 'Horror', 'Action']",9348,1995-07-07,113374103,Species,1995,9348,1
33000000,"['Horror', 'Science Fiction', 'Thriller']",8843,2000-08-17,104155843,The Cell,2000,8843,4
35000000,"['Fantasy', 'Action', 'Adventure', 'Science Fiction', 'Thriller']",12437,2009-01-22,91353501,Underworld: Rise of the Lycans,2009,12437,0
33000000,"['Horror', 'Action', 'Science Fiction']",1576,2002-03-15,102984862,Resident Evil,2002,1576,4
40000000,"['Action', 'Thriller', 'Science Fiction']",49530,2011-10-27,173930596,In Time,2011,49530,1
35000000,"['Science Fiction', 'Action', 'Thriller']",169,1990-11-20,57120318,Predator 2,1990,169,5
35000000,['Science Fiction'],3604,1980-09-01,27107960,Flash Gordon,1980,3604,0
30000000,"['Drama', 'Mystery', 'Science Fiction', 'Thriller']",8836,2008-07-24,68369434,The X Files: I Want to Believe,2008,8836,35
35000000,"['Action', 'Comedy', 'Science Fiction']",11918,2008-03-27,25871834,Superhero Movie,2008,11918,0
34000000,"['Action', 'Mystery', 'Science Fiction', 'Thriller']",198663,2014-09-10,348319861,The Maze Runner,2014,198663,9
35000000,"['Drama', 'Adventure', 'Science Fiction', 'Romance']",1381,2006-09-06,15304890,The Fountain,2006,1381,15
75000000,"['Drama', 'Science Fiction', 'Thriller']",2900,1999-08-26,19598588,The Astronaut's Wife,1999,2900,3
30000000,"['Horror', 'Action', 'Thriller', 'Science Fiction']",71469,2011-12-22,64626786,The Darkest Hour,2011,71469,13
32350000,"['Adventure', 'Action', 'Science Fiction']",1892,1983-05-23,572700000,Return of the Jedi,1983,1892,2
30000000,"['Action', 'Thriller', 'Science Fiction']",13460,2008-03-14,22211426,Doomsday,2008,13460,4
32000000,"['Drama', 'Fantasy', 'Romance', 'Science Fiction']",9294,1996-07-05,152036382,Phenomenon,1996,9294,0
32000000,"['Thriller', 'Science Fiction', 'Mystery']",45612,2011-03-30,147332697,Source Code,2011,45612,1
32000000,"['Action', 'Science Fiction', 'Thriller', 'Crime']",31867,2010-03-18,18409891,Repo Men,2010,31867,0
70000000,"['Fantasy', 'Drama', 'Horror', 'Action', 'Thriller', 'Science Fiction']",10253,2007-02-08,53587404,Dragon Wars: D-War,2007,10253,0
34000000,"['Action', 'Adventure', 'Thriller', 'Science Fiction']",698,1979-06-26,210308099,Moonraker,1979,698,0
31000000,"['Crime', 'Drama', 'Science Fiction', 'Thriller']",10559,2000-04-28,68106245,Frequency,2000,10559,3
30000000,['Science Fiction'],17654,2009-08-05,210819611,District 9,2009,17654,10
30000000,"['Action', 'Thriller', 'Science Fiction']",59967,2012-09-26,47042000,Looper,2012,59967,1
30000000,"['Science Fiction', 'Action', 'Adventure', 'Thriller']",172,1989-06-09,70200000,Star Trek V: The Final Frontier,1989,172,1
27000000,"['Action', 'Science Fiction']",865,1987-11-13,38122105,The Running Man,1987,865,0
30000000,"['Action', 'Fantasy', 'Science Fiction']",9823,1997-11-21,51376861,Mortal Kombat: Annihilation,1997,9823,0
30000000,"['Action', 'Adventure', 'Animation', 'Science Fiction', 'Thriller']",12244,2009-08-19,48428063,9,2009,12244,6
30000000,"['Action', 'Crime', 'Science Fiction', 'Thriller']",9271,1995-08-04,24048000,Virtuosity,1995,9271,0
30000000,"['Science Fiction', 'Action', 'Thriller']",9920,2006-03-03,31070211,Ultraviolet,2006,9920,4
26000000,"['Horror', 'Thriller', 'Science Fiction']",37707,2009-10-06,0,Splice,2009,37707,12
37000000,"['Comedy', 'Fantasy', 'Science Fiction']",10658,1986-08-01,37962774,Howard the Duck,1986,10658,2
30000000,"['Action', 'Science Fiction']",10350,1999-03-11,0,Wing Commander,1999,10350,0
100000000,"['Action', 'Adventure', 'Fantasy', 'Science Fiction', 'Thriller']",14164,2009-04-01,0,Dragonball Evolution,2009,14164,1
25000000,"['Drama', 'Horror', 'Science Fiction', 'Thriller']",11058,2004-04-30,30114487,Godsend,2004,11058,0
30000000,"['Animation', 'Science Fiction']",192577,2013-09-07,17137302,Space Pirate Captain Harlock,2013,192577,0
27000000,"['Thriller', 'Science Fiction', 'Action', 'Crime']",8831,1994-09-15,101646581,Timecop,1994,8831,0
28000000,"['Science Fiction', 'Drama', 'Thriller']",78,1982-06-25,33139618,Blade Runner,1982,78,0
28000000,"['Action', 'Horror', 'Science Fiction']",10016,2001-08-24,14010832,Ghosts of Mars,2001,10016,0
27000000,"['Science Fiction', 'Action', 'Adventure', 'Thriller']",174,1991-12-05,96900000,Star Trek VI: The Undiscovered Country,1991,174,0
27000000,"['Horror', 'Comedy', 'Action', 'Science Fiction', 'Thriller']",9825,1999-07-15,56870414,Lake Placid,1999,9825,1
27000000,"['Mystery', 'Science Fiction']",2666,1998-02-27,27200316,Dark City,1998,2666,5
26000000,"['Drama', 'Horror', 'Science Fiction', 'Thriller']",1551,1990-08-09,61489265,Flatliners,1990,1551,0
26000000,"['Adventure', 'Family', 'Science Fiction', 'Thriller']",15028,2002-03-17,38793283,Clockstoppers,2002,15028,3
26000000,"['Action', 'Fantasy', 'Science Fiction']",8011,1994-11-29,36800000,Highlander: The Final Dimension,1994,8011,0
26000000,"['Science Fiction', 'Mystery', 'Thriller']",238615,2015-07-10,30523226,Self/less,2015,238615,0
25000000,"['Action', 'Adventure', 'Animation', 'Comedy', 'Family', 'Fantasy', 'Science Fiction']",12589,2001-12-21,80936232,Jimmy Neutron: Boy Genius,2001,12589,1
25000000,"['Action', 'Thriller', 'Science Fiction']",7191,2008-01-15,170764026,Cloverfield,2008,7191,7
25000000,"['Science Fiction', 'Adventure', 'Action', 'Comedy', 'Family']",1497,1991-03-22,78000000,Teenage Mutant Ninja Turtles II: The Secret of the Ooze,1991,1497,0
25000000,"['Drama', 'Science Fiction']",227156,2014-08-11,66980456,The Giver,2014,227156,0
20000000,"['Adventure', 'Action', 'Horror', 'Science Fiction', 'Thriller']",11237,2004-08-26,70992898,Anacondas: The Hunt for the Blood Orchid,2004,11237,5
30000000,"['Thriller', 'Science Fiction']",22825,2009-09-17,33333531,The Box,2009,22825,0
25000000,"['Fantasy', 'Horror', 'Science Fiction', 'Thriller']",11954,1985-06-20,0,Lifeforce,1985,11954,0
25000000,"['Action', 'Adventure', 'Comedy', 'Fantasy', 'Science Fiction']",24264,1984-08-17,5778353,Sheena,1984,24264,0
25000000,"['Action', 'Comedy', 'Fantasy', 'Science Fiction']",9067,1995-03-31,4064495,Tank Girl,1995,9067,1
25000000,"['Drama', 'Mystery', 'Science Fiction', 'Thriller']",8338,2008-05-14,19844979,Blindness,2008,8338,0
24000000,"['Science Fiction', 'Adventure']",168,1986-11-25,133000000,Star Trek IV: The Voyage Home,1986,168,0
24000000,"['Fantasy', 'Comedy', 'Science Fiction', 'Family']",10208,1999-07-14,16290976,Muppets from Space,1999,10208,0
28000000,"['Adventure', 'Fantasy', 'Animation', 'Science Fiction', 'Family']",26672,1993-09-23,669276,The Thief and the Cobbler,1993,26672,6
18000000,"['Adventure', 'Action', 'Science Fiction']",1891,1980-05-17,538400000,The Empire Strikes Back,1980,1891,3
23000000,"['Thriller', 'Science Fiction', 'Action']",2787,2000-02-18,53187659,Pitch Black,2000,2787,3
23000000,"['Romance', 'Science Fiction', 'Drama']",152601,2013-12-18,47351251,Her,2013,152601,0
22700000,"['Comedy', 'Science Fiction']",957,1987-06-24,38119483,Spaceballs,1987,957,1
22000000,"['Action', 'Adventure', 'Crime', 'Science Fiction', 'Thriller']",5550,1993-04-17,10696210,RoboCop 3,1993,5550,1
18000000,"['Science Fiction', 'Action', 'Adventure', 'Thriller']",10724,1982-06-13,70687344,Firefox,1982,10724,0
21000000,"['Action', 'Adventure', 'Comedy', 'Family', 'Fantasy', 'Science Fiction']",1499,1993-03-17,42000000,Teenage Mutant Ninja Turtles III,1993,1499,0
21000000,"['Horror', 'Thriller', 'Science Fiction']",7341,1999-03-11,17762705,The Rage: Carrie 2,1999,7341,2
15000000,"['Action', 'Thriller', 'Science Fiction', 'Horror']",1946,1999-04-14,2856712,eXistenZ,1999,1946,1
20000000,"['Science Fiction', 'Drama']",840,1977-11-16,303788635,Close Encounters of the Third Kind,1977,840,0
20000000,"['Adventure', 'Family', 'Science Fiction', 'Action']",9570,1979-12-18,35841901,The Black Hole,1979,9570,3
20000000,"['Science Fiction', 'Drama', 'Romance']",38,2004-03-19,72258126,Eternal Sunshine of the Spotless Mind,2004,38,0
20000000,"['Comedy', 'Action', 'Science Fiction']",107985,2013-07-18,46089287,The World's End,2013,107985,0
20000000,"['Fantasy', 'Horror', 'Action', 'Thriller', 'Science Fiction']",19901,2009-01-06,51416464,Daybreakers,2009,19901,3
20000000,"['Action', 'Adventure', 'Fantasy', 'Horror', 'Science Fiction', 'Thriller']",9954,2006-09-08,37597471,The Covenant,2006,9954,0
20000000,"['Action', 'Thriller', 'Science Fiction']",81796,2012-04-12,32204030,Lockout,2012,81796,0
8700000,"['Animation', 'Science Fiction', 'Thriller']",3509,2006-05-25,7659918,A Scanner Darkly,2006,3509,0
20000000,"['Action', 'Science Fiction', 'Thriller']",7299,2002-12-06,5359645,Equilibrium,2002,7299,7
20000000,"['Animation', 'Fantasy', 'Science Fiction']",8953,2004-07-17,0,Steamboy,2004,8953,0
20000000,"['Action', 'Comedy', 'Horror', 'Mystery', 'Science Fiction', 'Thriller']",43935,2011-03-16,4634062,Dylan Dog: Dead of Night,2011,43935,0
19000000,"['Adventure', 'Comedy', 'Science Fiction', 'Family']",105,1985-07-03,381109762,Back to the Future,1985,105,0
18000000,"['Science Fiction', 'Action', 'Adventure', 'Thriller']",157,1984-05-31,87000000,Star Trek III: The Search for Spock,1984,157,0
16000000,"['Thriller', 'Action', 'Science Fiction']",218043,2014-10-03,19682924,Left Behind,2014,218043,3
16500000,"['Science Fiction', 'Comedy', 'Crime']",816,1997-05-02,67683989,Austin Powers: International Man of Mystery,1997,816,0
18000000,"['Science Fiction', 'Action', 'Adventure', 'Thriller']",106,1987-06-11,98235548,Predator,1987,106,6
18000000,"['Adventure', 'Drama', 'Science Fiction']",245703,2016-02-18,6212282,Midnight Special,2016,245703,3
2700000,"['Romance', 'Science Fiction', 'Horror', 'Action', 'Crime']",10017,1986-11-21,3500000,The Wraith,1986,10017,0
3500000,"['Horror', 'Science Fiction']",8408,1985-07-19,34000000,Day of the Dead,1985,8408,0
18000000,"['Action', 'Animation', 'Science Fiction']",9389,2006-03-16,1831348,Renaissance,2006,9389,0
18500000,"['Horror', 'Action', 'Thriller', 'Science Fiction']",679,1986-07-18,183316455,Aliens,1986,679,3
17000000,"['Comedy', 'Family', 'Science Fiction']",21765,2003-10-10,0,Good Boy!,2003,21765,0
17000000,"['Action', 'Adventure', 'Science Fiction']",11411,1987-07-23,19300000,Superman IV: The Quest for Peace,1987,11411,0
17000000,"['Action', 'Adventure', 'Comedy', 'Drama', 'Science Fiction', 'Thriller']",4723,2006-05-15,374743,Southland Tales,2006,4723,0
17000000,"['Action', 'Adventure', 'Science Fiction']",25763,1977-09-10,8720000,Damnation Alley,1977,25763,0
20000000,"['Comedy', 'Science Fiction']",12120,1988-12-09,13854000,My Stepmother is an Alien,1988,12120,0
16000000,"['Thriller', 'Science Fiction', 'Mystery']",1090,1999-04-16,18564088,The Thirteenth Floor,1999,1090,0
16000000,"['Science Fiction', 'Action', 'Adventure']",8854,1997-08-15,1686429,Steel,1997,8854,0
15500000,"['Comedy', 'Horror', 'Science Fiction']",9035,2006-03-31,0,Slither,2006,9035,0
15000000,"['Horror', 'Mystery', 'Science Fiction']",9276,1998-12-25,40283321,The Faculty,1998,9276,1
15000000,"['Horror', 'Thriller', 'Science Fiction']",1562,2007-04-26,64238440,28 Weeks Later,2007,1562,14
15000000,"['Mystery', 'Horror', 'Science Fiction']",9424,1998-07-24,17507368,Disturbing Behavior,1998,9424,3
25000000,"['Action', 'Fantasy', 'Science Fiction']",12211,2000-09-01,15843608,Highlander: Endgame,2000,12211,0
15000000,"['Comedy', 'Science Fiction']",68,1985-02-20,0,Brazil,1985,68,0
15000000,"['Drama', 'Romance', 'Science Fiction']",42188,2010-09-15,9455232,Never Let Me Go,2010,42188,1
92620000,"['Drama', 'Science Fiction']",19,1927-01-10,650422,Metropolis,1927,19,1
12000000,"['Action', 'Thriller', 'Science Fiction']",10045,2004-11-09,9584131,District B13,2004,10045,0
7000000,"['Thriller', 'Science Fiction']",262543,2014-10-09,0,Automata,2014,262543,8
11000000,"['Horror', 'Science Fiction']",11470,2001-07-24,16951798,Jason X,2001,11470,0
13300000,"['Thriller', 'Science Fiction', 'Drama']",97370,2014-03-14,5380251,Under the Skin,2014,97370,6
13000000,"['Science Fiction', 'Thriller']",1954,2004-01-22,96060858,The Butterfly Effect,2004,1954,7
12000000,"['Science Fiction', 'Comedy', 'Family']",22345,1999-03-12,36450736,Baby Geniuses,1999,22345,0
18000000,"['Science Fiction', 'Horror', 'Thriller']",5876,2007-11-21,57096190,The Mist,2007,5876,1
15000000,"['Drama', 'Science Fiction']",264660,2015-01-21,36869414,Ex Machina,2015,264660,7
13000000,"['Family', 'Adventure', 'Science Fiction']",238603,2014-06-14,45300000,Earth to Echo,2014,238603,6
13000000,"['Adventure', 'Comedy', 'Drama', 'Science Fiction']",5172,2006-10-15,11130889,The Astronaut Farmer,2006,5172,1
14350531,"['Action', 'Comedy', 'Science Fiction']",59678,2011-05-12,3964682,Attack the Block,2011,59678,0
3100000,"['Romance', 'Science Fiction']",59457,2010-07-15,0,Womb,2010,59457,0
12000000,"['Action', 'Adventure', 'Science Fiction', 'Thriller']",154,1982-06-03,96800000,Star Trek II: The Wrath of Khan,1982,154,0
12000000,"['Thriller', 'Science Fiction']",860,1983-06-03,79567667,WarGames,1983,860,0
15000000,"['Science Fiction', 'Drama', 'Thriller']",76726,2012-02-01,145000000,Chronicle,2012,76726,15
5000000,"['Family', 'Fantasy', 'Science Fiction', 'Adventure', 'Comedy']",36819,1981-07-13,42365581,Time Bandits,1981,36819,0
12000000,"['Horror', 'Science Fiction', 'Thriller']",13812,2008-10-10,40855419,Quarantine,2008,13812,0
12000000,"['Horror', 'Science Fiction']",31915,1979-01-01,54000000,Prophecy,1979,31915,0
12000000,"['Comedy', 'Family', 'Fantasy', 'Science Fiction']",34549,2001-10-05,17292381,Max Keeble's Big Move,2001,34549,0
12000000,"['Science Fiction', 'Thriller']",227719,2015-01-30,32248241,Project Almanac,2015,227719,5
8000000,"['Action', 'Thriller', 'Science Fiction']",12088,1992-09-30,6739141,Fortress,1992,12088,2
11000000,"['Horror', 'Drama', 'Science Fiction']",1255,2006-07-27,88489643,The Host,2006,1255,0
12000000,"['Fantasy', 'Drama', 'Science Fiction', 'Romance']",844,2004-05-20,19271312,2046,2004,844,0
7500000,"['Thriller', 'Science Fiction', 'Mystery']",10133,2002-10-01,0,Cypher,2002,10133,0
12000000,['Science Fiction'],61984,2010-12-01,11212294,Space Battleship Yamato,2010,61984,0
11000000,"['Adventure', 'Action', 'Science Fiction']",11,1977-05-25,775398007,Star Wars,1977,11,2
12000000,['Science Fiction'],31909,1986-01-01,4884663,Invaders from Mars,1986,31909,3
10500000,"['Science Fiction', 'Mystery', 'Adventure']",62,1968-04-10,68700000,2001: A Space Odyssey,1968,62,0
10500000,"['Science Fiction', 'Adventure', 'Family', 'Fantasy']",601,1982-04-03,792910554,E.T. the Extra-Terrestrial,1982,601,1
10000000,"['Adventure', 'Comedy', 'Science Fiction']",1648,1989-02-17,40485039,Bill & Ted's Excellent Adventure,1989,1648,0
10000000,"['Science Fiction', 'Animation', 'Comedy', 'Family']",19405,2001-01-27,44460850,Recess: School's Out,2001,19405,0
12305523,"['Action', 'Adventure', 'Science Fiction']",9355,1985-06-29,36230219,Mad Max Beyond Thunderdome,1985,9355,1
10000000,"['Horror', 'Thriller', 'Science Fiction']",10163,1992-03-05,32101000,The Lawnmower Man,1992,10163,0
10000000,"['Drama', 'Fantasy', 'Horror', 'Science Fiction', 'Thriller']",15301,1983-06-24,29450919,Twilight Zone: The Movie,1983,15301,0
10000000,"['Horror', 'Science Fiction', 'Thriller']",11336,1983-10-21,20766616,The Dead Zone,1983,11336,0
10000000,"['Mystery', 'Science Fiction', 'Thriller']",22824,2009-11-06,42333295,The Fourth Kind,2009,22824,0
10000000,['Science Fiction'],42684,2010-11-11,66821036,Skyline,2010,42684,0
10000000,"['Comedy', 'Drama', 'Romance', 'Science Fiction']",88005,2012-06-22,9636289,Seeking a Friend for the End of the World,2012,88005,0
10000000,"['Action', 'Horror', 'Thriller', 'Science Fiction']",17577,2009-05-26,0,The Devil's Tomb,2009,17577,3
9500000,"['Horror', 'Science Fiction']",106845,2015-10-16,0,Re-Kill,2015,106845,0
9300000,"['Animation', 'Science Fiction']",11827,1981-08-07,0,Heavy Metal,1981,11827,3
7400000,"['Drama', 'Science Fiction']",62215,2011-05-26,21817298,Melancholia,2011,62215,0
11000000,"['Horror', 'Action', 'Thriller', 'Science Fiction']",348,1979-05-25,104931801,Alien,1979,348,0
10000000,"['Horror', 'Comedy', 'Science Fiction']",68684,2011-03-16,0,Detention,2011,68684,0
9000000,"['Action', 'Science Fiction', 'Comedy']",10179,1984-03-16,0,The Ice Pirates,1984,10179,0
8800000,"['Thriller', 'Mystery', 'Science Fiction']",11588,2004-01-15,0,The I Inside,2004,11588,0
9000000,['Science Fiction'],8069,1968-10-10,2500000,Barbarella,1968,8069,0
5000000,"['Horror', 'Thriller', 'Science Fiction']",170,2002-10-31,82719885,28 Days Later,2002,170,0
8000000,"['Science Fiction', 'Animation']",149,1988-07-16,553171,Akira,1988,149,2
7500000,"['Drama', 'Romance', 'Science Fiction', 'Thriller']",2577,2003-09-02,0,Code 46,2003,2577,0
9000000,"['Adventure', 'Action', 'Romance', 'Science Fiction']",10803,1976-06-23,25000000,Logan's Run,1976,10803,1
7,"['Thriller', 'Action', 'Horror', 'Science Fiction', 'Crime']",13006,1992-05-01,5,Split Second,1992,13006,0
7000000,"['Drama', 'Science Fiction']",110402,2013-02-27,1310673,Hard to Be a God,2013,110402,0
7000000,"['Adventure', 'Science Fiction']",13001,2008-03-11,8900000,Stargate: The Ark of Truth,2008,13001,0
6500000,"['Science Fiction', 'Thriller']",10514,1971-03-12,12376563,The Andromeda Strain,1971,10514,3
6400000,"['Action', 'Thriller', 'Science Fiction']",218,1984-10-26,78371200,The Terminator,1984,218,1
6000000,"['Science Fiction', 'Action']",1103,1981-05-22,50244700,Escape from New York,1981,1103,0
6000000,"['Action', 'Adventure', 'Fantasy', 'Science Fiction']",27549,1991-06-08,869325,Beastmaster 2: Through the Portal of Time,1991,27549,0
5952000,"['Horror', 'Mystery', 'Science Fiction']",837,1983-02-04,2120439,Videodrome,1983,837,0
5500000,"['Comedy', 'Science Fiction']",33155,1980-06-06,4865000,Galaxina,1980,33155,0
5100000,"['Science Fiction', 'Drama', 'Fantasy', 'Romance']",16633,1980-10-02,0,Somewhere in Time,1980,16633,0
15000000,"['Thriller', 'Science Fiction', 'Drama']",333371,2016-03-10,108286421,10 Cloverfield Lane,2016,333371,7
5000000,"['Adventure', 'Drama', 'Science Fiction']",173,1954-12-23,28200000,"20,000 Leagues Under the Sea",1954,173,0
5000000,"['Horror', 'Thriller', 'Science Fiction']",50357,2011-07-20,25562924,Apollo 18,2011,50357,5
5500000,"['Fantasy', 'Animation', 'Science Fiction', 'Family']",20455,2000-03-17,0,Digimon: The Movie,2000,20455,0
5000000,"['Science Fiction', 'Drama']",17431,2009-06-12,9760104,Moon,2009,17431,0
5000000,"['Drama', 'Science Fiction', 'Mystery']",199933,2014-09-12,846704,Atlas Shrugged Part III: Who is John Galt?,2014,199933,0
5000000,"['Horror', 'Science Fiction', 'Thriller']",18442,2004-02-27,0,Decoys,2004,18442,0
5000000,"['Horror', 'Thriller', 'Science Fiction']",57876,2015-05-15,0,Area 51,2015,57876,0
5000000,"['Drama', 'Action', 'Thriller', 'Science Fiction']",11935,1977-12-10,0,Capricorn One,1977,11935,0
4000000,"['Horror', 'Science Fiction']",29426,2010-05-06,0,Survival of the Dead,2010,29426,0
4000000,"['Action', 'Horror', 'Science Fiction', 'Thriller']",8337,1988-11-23,13008928,They Live,1988,8337,0
650000,"['Drama', 'Horror', 'Action', 'Thriller', 'Science Fiction']",52015,2010-09-30,33245,Stake Land,2010,52015,0
2400000,"['Science Fiction', 'Horror']",125490,2012-09-19,0,Antiviral,2012,125490,0
3000000,"['Science Fiction', 'Horror', 'Thriller']",158015,2013-05-31,89328627,The Purge,2013,158015,0
3000000,"['Adventure', 'Science Fiction', 'Mystery']",1685,1970-05-01,18999718,Beneath the Planet of the Apes,1970,1685,0
3000000,"['Comedy', 'Family', 'Science Fiction']",34086,1990-04-27,15369573,Spaced Invaders,1990,34086,0
3000000,"['Action', 'Horror', 'Science Fiction', 'Thriller']",15158,1988-07-08,7282851,Phantasm II,1988,15158,0
3000000,['Science Fiction'],38541,2011-03-13,22000,The Divide,2011,38541,3
2800000,"['Comedy', 'Science Fiction']",3034,1974-12-15,86273333,Young Frankenstein,1974,3034,1
2000000,"['Horror', 'Action', 'Science Fiction']",13025,2007-09-08,5364858,Diary of the Dead,2007,13025,0
2600000,"['Science Fiction', 'Thriller']",14139,2007-09-20,553198,Timecrimes,2007,14139,0
2500000,"['Horror', 'Mystery', 'Science Fiction']",10676,1982-10-22,14400000,Halloween III: Season of the Witch,1982,10676,0
2500000,"['Action', 'Science Fiction']",1687,1971-05-20,12348905,Escape from the Planet of the Apes,1971,1687,0
2500000,"['Science Fiction', 'Comedy', 'Drama', 'Crime']",84329,2012-08-16,3325038,Robot & Frank,2012,84329,0
2500000,"['Drama', 'Science Fiction', 'Thriller']",20764,2008-12-10,107559,Sleep Dealer,2008,20764,0
30000000,"['Adventure', 'Comedy', 'Science Fiction']",7512,2006-09-01,495303,Idiocracy,2006,7512,0
2500000,"['Action', 'Adventure', 'Science Fiction']",146631,2012-12-14,0,U.F.O.,2012,146631,0
2000000,"['Comedy', 'Romance', 'Science Fiction']",11561,1973-12-17,18344729,Sleeper,1973,11561,0
2000000,"['Adventure', 'Action', 'Thriller', 'Science Fiction']",8810,1981-12-24,24600832,Mad Max 2: The Road Warrior,1981,8810,0
2000000,"['Action', 'Adventure', 'Science Fiction']",24746,1998-09-18,124494,Six-String Samurai,1998,24746,0
2000000,"['Comedy', 'Science Fiction', 'Romance', 'Horror']",28260,1993-10-01,54207,Return of the Living Dead 3,1993,28260,0
1700000,"['Action', 'Science Fiction']",1705,1973-06-15,8844595,Battle for the Planet of the Apes,1973,1705,0
1800000,"['Action', 'Science Fiction']",205126,2013-06-27,0,Independence Daysaster,2013,205126,0
1700000,"['Action', 'Science Fiction']",1688,1972-06-29,9700000,Conquest of the Planet of the Apes,1972,1688,0
1500000,"['Comedy', 'Crime', 'Science Fiction', 'Thriller']",13820,1984-02-20,2300000,Repo Man,1984,13820,0
1500000,"['Horror', 'Mystery', 'Science Fiction']",23963,2009-03-06,32000,Pontypool,2009,23963,0
1,"['Comedy', 'Drama', 'Fantasy', 'Romance', 'Science Fiction']",46729,2005-10-01,0,Fetching Cody,2005,46729,0
1377800,"['Family', 'Adventure', 'Comedy', 'Science Fiction', 'Crime']",2661,1966-07-30,0,Batman,1966,2661,0
1250000,"['Horror', 'Science Fiction']",23730,1984-08-31,3412497,C.H.U.D.,1984,23730,0
1100000,"['Fantasy', 'Science Fiction', 'Horror']",50037,2010-12-03,0,Beyond the Black Rainbow,2010,50037,2
1000000,"['Adventure', 'Drama', 'Science Fiction']",811,1972-03-09,0,Silent Running,1972,811,0
1000000,"['Adventure', 'Horror', 'Action', 'Science Fiction']",10643,1999-12-11,10037390,Godzilla 2000,1999,10643,0
1000000,"['Drama', 'Science Fiction']",320146,2016-03-11,0,Creative Control,2016,320146,0
1000000,"['Drama', 'Fantasy', 'Science Fiction']",13856,2006-01-30,7202,Special,2006,13856,0
1000000,"['Science Fiction', 'Drama', 'Music']",269057,2014-09-08,0,Bang Bang Baby,2014,269057,0
950000,"['Drama', 'Romance', 'Science Fiction']",29146,1968-09-23,814666,Charly,1968,29146,0
750000,"['Comedy', 'Romance', 'Science Fiction', 'Drama']",84332,2012-06-08,4007792,Safety Not Guaranteed,2012,84332,0
500000,"['Horror', 'Science Fiction']",30315,1977-08-24,17000000,Kingdom of the Spiders,1977,30315,0
500000,"['Drama', 'Thriller', 'Science Fiction']",43933,2010-06-18,4242978,Monsters,2010,43933,1
500000,"['Horror', 'Science Fiction', 'Thriller']",18045,2005-03-11,0,The Dark Hours,2005,18045,0
350000,"['Science Fiction', 'Family']",371690,2015-10-20,0,Rotor DR1,2015,371690,0
300000,"['Action', 'Comedy', 'Science Fiction']",13282,1975-04-27,8000000,Death Race 2000,1975,13282,0
250000,"['Thriller', 'Science Fiction', 'Mystery']",431,1997-09-09,501818,Cube,1997,431,0
250000,"['Science Fiction', 'Drama']",70687,1997-06-06,0,The Sticky Fingers of Time,1997,70687,0
210000,"['Adventure', 'Horror', 'Science Fiction']",35073,1953-06-13,5000000,"The Beast from 20,000 Fathoms",1953,35073,1
400000,"['Adventure', 'Action', 'Thriller', 'Science Fiction']",9659,1979-04-12,100000000,Mad Max,1979,9659,0
100000,"['Drama', 'Science Fiction']",55420,2011-07-22,1776935,Another Earth,2011,55420,2
10000,"['Drama', 'Fantasy', 'Horror', 'Science Fiction']",985,1977-03-19,7000000,Eraserhead,1977,985,0
75000,['Science Fiction'],360188,2015-09-29,0,Queen Crab,2015,360188,0
62000,"['Horror', 'Science Fiction']",33468,1962-02-25,0,The Brain That Wouldn't Die,1962,33468,0
4000000,"['Thriller', 'Science Fiction']",242095,2014-03-15,600896,The Signal,2014,242095,4
7000,"['Science Fiction', 'Drama', 'Thriller']",14337,2004-10-08,424760,Primer,2004,14337,0
