titulo,score,comentarios,fecha,año,url
Repost: A Parallel Life / Awoken By A Lamp,38003,2129,2015-03-30 17:05:23,2015,https://www.reddit.com/r/Glitch_in_the_Matrix/comments/30t9kd/repost_a_parallel_life_awoken_by_a_lamp/
"My 5yo son ""broke character"" and talked to me like an adult",18288,972,2021-06-10 22:03:17,2021,https://www.reddit.com/r/Glitch_in_the_Matrix/comments/nwx0z7/my_5yo_son_broke_character_and_talked_to_me_like/
I died last night... But I'm still here.,17112,949,2020-12-16 13:24:23,2020,https://www.reddit.com/r/Glitch_in_the_Matrix/comments/ke896c/i_died_last_night_but_im_still_here/
I Was Someones Glitch in the Matrix,11339,180,2020-07-13 14:40:18,2020,https://www.reddit.com/r/Glitch_in_the_Matrix/comments/hqejg3/i_was_someones_glitch_in_the_matrix/
Me and my daughter witnessed something surreal and unexplainable today,10086,495,2019-07-27 12:53:15,2019,https://www.reddit.com/r/Glitch_in_the_Matrix/comments/cig53i/me_and_my_daughter_witnessed_something_surreal/
Something is wrong with my girlfriend,9736,713,2020-04-13 23:51:16,2020,https://www.reddit.com/r/Glitch_in_the_Matrix/comments/g0sh44/something_is_wrong_with_my_girlfriend/
Friend died in 2003 but now he's alive,9715,1182,2024-01-26 01:45:49,2024,https://www.reddit.com/r/Glitch_in_the_Matrix/comments/1ab56o4/friend_died_in_2003_but_now_hes_alive/
Met a random girl who shares an exact memory and situation I have,8843,331,2020-01-12 10:16:10,2020,https://www.reddit.com/r/Glitch_in_the_Matrix/comments/enlfbd/met_a_random_girl_who_shares_an_exact_memory_and/
Mom died years ago dad got a phone call from her,8341,511,2020-06-09 19:23:52,2020,https://www.reddit.com/r/Glitch_in_the_Matrix/comments/gzrlvl/mom_died_years_ago_dad_got_a_phone_call_from_her/
I’m still shitting my pants over this,7840,380,2020-05-03 18:27:10,2020,https://www.reddit.com/r/Glitch_in_the_Matrix/comments/gctffw/im_still_shitting_my_pants_over_this/
Sister with DS knows things about people she's never met,7174,323,2020-05-11 09:34:36,2020,https://www.reddit.com/r/Glitch_in_the_Matrix/comments/ghj311/sister_with_ds_knows_things_about_people_shes/
I didn't exist for an entire afternoon when I was 16,7043,200,2020-01-19 20:57:43,2020,https://www.reddit.com/r/Glitch_in_the_Matrix/comments/er1bm9/i_didnt_exist_for_an_entire_afternoon_when_i_was/
My girlfriend and I experienced something very very strange tonight,6598,958,2025-09-09 05:35:33,2025,https://www.reddit.com/r/Glitch_in_the_Matrix/comments/1nc8jw6/my_girlfriend_and_i_experienced_something_very/
Where is my kid??,6400,384,2019-01-27 09:39:21,2019,https://www.reddit.com/r/Glitch_in_the_Matrix/comments/akaekf/where_is_my_kid/
He thinks we both died.,6266,363,2020-04-23 19:40:48,2020,https://www.reddit.com/r/Glitch_in_the_Matrix/comments/g6r43u/he_thinks_we_both_died/
I believe this subreddit may have saved my life,5859,115,2020-09-25 16:28:21,2020,https://www.reddit.com/r/Glitch_in_the_Matrix/comments/izkey0/i_believe_this_subreddit_may_have_saved_my_life/
"Net Neutrality Awareness: This is your last chance to stop ISPs from messing up your Internet. (Thread is open for discussion, no down vote zone)",5302,78,2017-11-22 16:08:01,2017,https://www.battleforthenet.com/#bftn-action-form
"My wife and I saw our 5 year old daughter, but older.",5122,396,2024-06-15 18:20:41,2024,https://www.reddit.com/r/Glitch_in_the_Matrix/comments/1dgll4w/my_wife_and_i_saw_our_5_year_old_daughter_but/
I’m convinced we died 3 years ago,5076,722,2026-01-29 07:57:27,2026,https://www.reddit.com/r/Glitch_in_the_Matrix/comments/1qq1izd/im_convinced_we_died_3_years_ago/
Pretty sure I slipped in the shower and died,4811,462,2022-08-21 02:55:42,2022,https://www.reddit.com/r/Glitch_in_the_Matrix/comments/wtmegq/pretty_sure_i_slipped_in_the_shower_and_died/
I think updoot reddit on YouTube saved my butt today.,4791,131,2020-03-13 05:32:20,2020,https://www.reddit.com/r/Glitch_in_the_Matrix/comments/fhu3my/i_think_updoot_reddit_on_youtube_saved_my_butt/
My dad’s gut feeling.,4581,143,2019-12-24 08:55:33,2019,https://www.reddit.com/r/Glitch_in_the_Matrix/comments/eeybyh/my_dads_gut_feeling/
"""The Egg"" by Andy Weir - Video by Kurzgesagt",4543,404,2019-09-04 05:18:10,2019,https://www.youtube.com/watch?v=h6fcK_fRYaI
I think I just became the background character for another person's glitch?,4432,298,2020-10-14 03:39:43,2020,https://www.reddit.com/r/Glitch_in_the_Matrix/comments/jar9ae/i_think_i_just_became_the_background_character/
I've been seeing the same guy at random for over 20 years all over creation.,4071,506,2021-04-29 00:30:24,2021,https://www.reddit.com/r/Glitch_in_the_Matrix/comments/n0qkdp/ive_been_seeing_the_same_guy_at_random_for_over/
I died in late 2015. I was given a second chance.,4004,192,2018-04-23 21:28:54,2018,https://www.reddit.com/r/Glitch_in_the_Matrix/comments/8ee7cy/i_died_in_late_2015_i_was_given_a_second_chance/
Today my dead friend left something for me,3899,108,2020-11-10 21:09:56,2020,https://www.reddit.com/r/Glitch_in_the_Matrix/comments/jrshor/today_my_dead_friend_left_something_for_me/
i am losing my fucking mind,3888,451,2022-09-29 23:12:37,2022,https://www.reddit.com/r/Glitch_in_the_Matrix/comments/xrj5wl/i_am_losing_my_fucking_mind/
My Whole Life is Different and No One Believes Me..,3700,522,2020-02-09 03:48:12,2020,https://www.reddit.com/r/Glitch_in_the_Matrix/comments/f12d41/my_whole_life_is_different_and_no_one_believes_me/
You guys saved someone's life.,3642,107,2024-02-08 00:12:56,2024,https://www.reddit.com/r/Glitch_in_the_Matrix/comments/1algpwv/you_guys_saved_someones_life/
I felt myself die in another timeline.,3624,234,2020-04-09 23:23:07,2020,https://www.reddit.com/r/Glitch_in_the_Matrix/comments/fy0z7o/i_felt_myself_die_in_another_timeline/
My 3 year insisted I was having a baby &amp; described her perfectly,3616,275,2023-01-26 14:49:16,2023,https://www.reddit.com/r/Glitch_in_the_Matrix/comments/10ls7la/my_3_year_insisted_i_was_having_a_baby_described/
(TW: SUICIDE) I was supposed to die,3561,290,2022-01-30 05:51:13,2022,https://www.reddit.com/r/Glitch_in_the_Matrix/comments/sg15o4/tw_suicide_i_was_supposed_to_die/
"As a child, I might have predicted my year of death. It happens to be 2020.",3546,380,2020-03-12 00:38:19,2020,https://www.reddit.com/r/Glitch_in_the_Matrix/comments/fh6rem/as_a_child_i_might_have_predicted_my_year_of/
An old man gave me an old coin when I was one year old in a supermarket. The coin isn’t from this reality. Please read.,3435,242,2021-09-23 12:32:37,2021,https://www.reddit.com/r/Glitch_in_the_Matrix/comments/ptscy8/an_old_man_gave_me_an_old_coin_when_i_was_one/
Completely understood a foreign language for a second.,3360,201,2019-06-14 05:52:20,2019,https://www.reddit.com/r/Glitch_in_the_Matrix/comments/c0fh28/completely_understood_a_foreign_language_for_a/
Have you ever experienced a brief state of consciousness where you realized how crazy it is that anything exists?,3307,508,2022-05-07 23:25:06,2022,https://www.reddit.com/r/Glitch_in_the_Matrix/comments/ukms3n/have_you_ever_experienced_a_brief_state_of/
I had a gf i never remembered,3211,191,2020-07-05 16:52:52,2020,https://www.reddit.com/r/Glitch_in_the_Matrix/comments/hlnv71/i_had_a_gf_i_never_remembered/
"I experienced a glitch where I saw the “simulation” that we are in, someone experienced it with me and saw the same thing.",3197,372,2020-10-26 19:44:31,2020,https://www.reddit.com/r/Glitch_in_the_Matrix/comments/jikfiw/i_experienced_a_glitch_where_i_saw_the_simulation/
Meeting our son.. before he was born . corner,3192,213,2020-05-05 17:13:41,2020,https://www.reddit.com/r/Glitch_in_the_Matrix/comments/gdzjs6/meeting_our_son_before_he_was_born_corner/
I think I died in early July,3126,351,2020-08-30 19:51:38,2020,https://www.reddit.com/r/Glitch_in_the_Matrix/comments/ijh108/i_think_i_died_in_early_july/
I vanished for 3 straight days.,3118,274,2021-03-04 22:22:51,2021,https://www.reddit.com/r/Glitch_in_the_Matrix/comments/lxvsln/i_vanished_for_3_straight_days/
Anyone else lose an article of clothing every once in a while and not be aware it’s missing until you look at photos from a year or two ago?,3109,218,2020-07-19 23:14:17,2020,https://www.reddit.com/r/Glitch_in_the_Matrix/comments/hu8ap6/anyone_else_lose_an_article_of_clothing_every/
My Wife replied to my idea live on stream (wife has been dead for 2 years),3006,280,2021-01-13 21:40:32,2021,https://www.reddit.com/r/Glitch_in_the_Matrix/comments/kwpdfj/my_wife_replied_to_my_idea_live_on_stream_wife/
I think I may have died in a car accident in an alternate reality last summer.,2986,426,2021-08-17 02:14:35,2021,https://www.reddit.com/r/Glitch_in_the_Matrix/comments/p5snd7/i_think_i_may_have_died_in_a_car_accident_in_an/
My penpal wasn't... real?,2941,248,2020-07-18 00:07:51,2020,https://www.reddit.com/r/Glitch_in_the_Matrix/comments/ht511a/my_penpal_wasnt_real/
I found a VHS tape of myself as a child at my in-laws house,2824,235,2021-10-13 14:00:12,2021,https://www.reddit.com/r/Glitch_in_the_Matrix/comments/q79l9r/i_found_a_vhs_tape_of_myself_as_a_child_at_my/
The women in my family know things that we couldn't possibly know.,2776,277,2021-04-24 08:47:10,2021,https://www.reddit.com/r/Glitch_in_the_Matrix/comments/mxeg3t/the_women_in_my_family_know_things_that_we/
I made up a character only to find out that she really existed!,2760,247,2021-06-26 15:56:26,2021,https://www.reddit.com/r/Glitch_in_the_Matrix/comments/o8b9j3/i_made_up_a_character_only_to_find_out_that_she/
"helpful ""Should I post my story?"" flow chart",2718,431,2021-01-07 16:31:05,2021,https://www.reddit.com/r/Glitch_in_the_Matrix/comments/ksfjn4/helpful_should_i_post_my_story_flow_chart/
"PSA: There is a type of Obsessive Compulsive Disorder called Existential OCD that causes obsessive thoughts, fears and ruminations on the nature of reality.",2678,218,2021-02-01 16:49:05,2021,https://www.reddit.com/r/Glitch_in_the_Matrix/comments/la6683/psa_there_is_a_type_of_obsessive_compulsive/
A Former Coworker Is Back from the Dead,2671,358,2022-07-17 00:50:52,2022,https://www.reddit.com/r/Glitch_in_the_Matrix/comments/w0smpc/a_former_coworker_is_back_from_the_dead/
"Still freaks me out to this day, and I've never told anyone this except my girlfriend.",2650,486,2013-06-19 03:02:50,2013,https://www.reddit.com/r/Glitch_in_the_Matrix/comments/1gmhl5/still_freaks_me_out_to_this_day_and_ive_never/
"It may be nothing, but yet it creeped me out.",2633,134,2020-01-31 15:22:08,2020,https://www.reddit.com/r/Glitch_in_the_Matrix/comments/ewp4ue/it_may_be_nothing_but_yet_it_creeped_me_out/
My dad drank out of the same black cup everyday. One day he filled up a different white cup. I asked him what gives and he claimed to always have used that cup. I asked the rest of my family and they all said the same thing,2620,155,2020-08-01 04:24:01,2020,https://www.reddit.com/r/Glitch_in_the_Matrix/comments/i1kket/my_dad_drank_out_of_the_same_black_cup_everyday/
I think I drove through a wormhole or something ,2587,394,2024-08-14 07:24:21,2024,https://www.reddit.com/r/Glitch_in_the_Matrix/comments/1ertjgc/i_think_i_drove_through_a_wormhole_or_something/
Elevators freak me out (The first time my mom believed me that weird stuff happened to me regularly),2588,190,2018-06-11 22:06:48,2018,https://www.reddit.com/r/Glitch_in_the_Matrix/comments/8qck6s/elevators_freak_me_out_the_first_time_my_mom/
I saw my husband.. but from the future.. I think.,2575,212,2020-09-16 05:20:11,2020,https://www.reddit.com/r/Glitch_in_the_Matrix/comments/itnrlz/i_saw_my_husband_but_from_the_future_i_think/
A child answered my thought,2576,222,2022-06-03 23:45:56,2022,https://www.reddit.com/r/Glitch_in_the_Matrix/comments/v49vkm/a_child_answered_my_thought/
"My fiancee and I had a ""bad vibe"" that ended up saving me from certain death.",2569,173,2021-12-29 18:03:05,2021,https://www.reddit.com/r/Glitch_in_the_Matrix/comments/rrcw5a/my_fiancee_and_i_had_a_bad_vibe_that_ended_up/
Creepiest Thing I have ever experienced,2518,406,2020-06-16 00:19:25,2020,https://www.reddit.com/r/Glitch_in_the_Matrix/comments/h9q855/creepiest_thing_i_have_ever_experienced/
I spoke to a ghost today,2506,121,2024-09-14 02:56:18,2024,https://www.reddit.com/r/Glitch_in_the_Matrix/comments/1fgadvt/i_spoke_to_a_ghost_today/
I created my boyfriend in The Sims years before I met him.,2484,134,2020-08-05 12:57:26,2020,https://www.reddit.com/r/Glitch_in_the_Matrix/comments/i437fy/i_created_my_boyfriend_in_the_sims_years_before_i/
My eyesight corrected itself until I realized I wasn’t wearing my glasses.,2476,149,2020-12-04 06:40:56,2020,https://www.reddit.com/r/Glitch_in_the_Matrix/comments/k6ev1e/my_eyesight_corrected_itself_until_i_realized_i/
Did I slip into a parallel reality?,2478,204,2020-04-06 00:01:38,2020,https://www.reddit.com/r/Glitch_in_the_Matrix/comments/fvmcxp/did_i_slip_into_a_parallel_reality/
"My daughter and I both witnessed and talked to by husband in our house, while he was at work.",2455,270,2020-08-04 04:33:57,2020,https://www.reddit.com/r/Glitch_in_the_Matrix/comments/i3b3uk/my_daughter_and_i_both_witnessed_and_talked_to_by/
My ex’s mom passed away &amp; sent us a message on my phone,2386,136,2020-07-27 16:29:28,2020,https://www.reddit.com/r/Glitch_in_the_Matrix/comments/hyta7m/my_exs_mom_passed_away_sent_us_a_message_on_my/
I posted about a town that doesn't exist over a year ago. I have an update.,2346,227,2024-06-02 04:06:56,2024,https://www.reddit.com/r/Glitch_in_the_Matrix/comments/1d62tpu/i_posted_about_a_town_that_doesnt_exist_over_a/
I definitely died that day,2335,283,2021-05-11 16:33:20,2021,https://www.reddit.com/r/Glitch_in_the_Matrix/comments/n9ydgl/i_definitely_died_that_day/
Something happened today and I don’t know who to tell,2320,310,2024-01-26 07:12:21,2024,https://www.reddit.com/r/Glitch_in_the_Matrix/comments/1abbnvp/something_happened_today_and_i_dont_know_who_to/
"I was still talking to my friend on the phone when she texted me “the line dropped, call me back asap”",2299,192,2020-07-23 01:06:24,2020,https://www.reddit.com/r/Glitch_in_the_Matrix/comments/hw4bfy/i_was_still_talking_to_my_friend_on_the_phone/
I saw him in 20 years.,2293,171,2020-09-22 02:15:26,2020,https://www.reddit.com/r/Glitch_in_the_Matrix/comments/ixcq2h/i_saw_him_in_20_years/
my dog's final goodbye... one year after his death,2278,82,2018-10-02 20:19:07,2018,https://www.reddit.com/r/Glitch_in_the_Matrix/comments/9kt4yq/my_dogs_final_goodbye_one_year_after_his_death/
"Best of Glitch_in_the_Matrix - Classics, and my favorite threads",2247,151,2020-04-09 04:07:40,2020,https://www.reddit.com/r/Glitch_in_the_Matrix/comments/fxjtgc/best_of_glitch_in_the_matrix_classics_and_my/
My husband and myself have completely forgotten someone.,2243,188,2019-10-30 21:44:03,2019,https://www.reddit.com/r/Glitch_in_the_Matrix/comments/dpcjp0/my_husband_and_myself_have_completely_forgotten/
Seeing a dead friend alive,2232,170,2020-12-06 23:13:15,2020,https://www.reddit.com/r/Glitch_in_the_Matrix/comments/k83bgy/seeing_a_dead_friend_alive/
Telling my doctor about my glitches got me diagnosed with narcolepsy and basically saved my life,2215,118,2019-01-03 20:31:19,2019,https://www.reddit.com/r/Glitch_in_the_Matrix/comments/ac9788/telling_my_doctor_about_my_glitches_got_me/
Customer is a completely different person. This is freaking me out.,2212,329,2024-06-21 16:33:18,2024,https://www.reddit.com/r/Glitch_in_the_Matrix/comments/1dl5gfm/customer_is_a_completely_different_person_this_is/
"Yesterday the dog and I disapperared from my sister's life, and she' s still scared to death.",2212,214,2021-02-15 18:45:48,2021,https://www.reddit.com/r/Glitch_in_the_Matrix/comments/lkirgy/yesterday_the_dog_and_i_disapperared_from_my/
A customer called me from the future today,2196,106,2021-08-21 05:59:27,2021,https://www.reddit.com/r/Glitch_in_the_Matrix/comments/p8kln5/a_customer_called_me_from_the_future_today/
PLEASE HELP! I’ve switched dimensions and I need to go back.,2186,628,2021-02-13 05:15:29,2021,https://www.reddit.com/r/Glitch_in_the_Matrix/comments/lisxlk/please_help_ive_switched_dimensions_and_i_need_to/
My dog saw the same glitch I did,2179,188,2020-11-12 00:32:42,2020,https://www.reddit.com/r/Glitch_in_the_Matrix/comments/jsj954/my_dog_saw_the_same_glitch_i_did/
[META] Congratulations to you amateur horror writers for ruining the sub and sidelining the magic.,2162,175,2018-12-03 18:52:09,2018,https://www.reddit.com/r/Glitch_in_the_Matrix/comments/a2r1n2/meta_congratulations_to_you_amateur_horror/
It sounds insane when I try to say this outloud..,2146,254,2022-01-12 12:52:07,2022,https://www.reddit.com/r/Glitch_in_the_Matrix/comments/s24i7r/it_sounds_insane_when_i_try_to_say_this_outloud/
29 years ago I jumped to a parallel existence after a near death experience,2124,381,2023-12-07 02:45:17,2023,https://www.reddit.com/r/Glitch_in_the_Matrix/comments/18ckakx/29_years_ago_i_jumped_to_a_parallel_existence/
Something weird is happening in our town and only my family seems to notice.,2110,211,2019-12-27 15:18:55,2019,https://www.reddit.com/r/Glitch_in_the_Matrix/comments/egboim/something_weird_is_happening_in_our_town_and_only/
"A friend, apparently coming from the future, gave me an important envelope.",2111,921,2021-04-15 09:38:29,2021,https://www.reddit.com/r/Glitch_in_the_Matrix/comments/mr9w4p/a_friend_apparently_coming_from_the_future_gave/
I’ve mistaken a random girl for another girl I haven’t seen in 4 years and then the crazy happened...,2070,147,2020-06-11 11:34:39,2020,https://www.reddit.com/r/Glitch_in_the_Matrix/comments/h0w1de/ive_mistaken_a_random_girl_for_another_girl_i/
"This might just be an extremely strange coincidence, but I found my own grave.",2062,223,2020-09-06 21:46:17,2020,https://www.reddit.com/r/Glitch_in_the_Matrix/comments/inskxh/this_might_just_be_an_extremely_strange/
I might have passed away while taking a shit…,2056,351,2021-08-11 03:05:22,2021,https://www.reddit.com/r/Glitch_in_the_Matrix/comments/p22med/i_might_have_passed_away_while_taking_a_shit/
This made my spine shiver.,2049,100,2022-05-30 02:53:30,2022,https://www.reddit.com/r/Glitch_in_the_Matrix/comments/v0okjq/this_made_my_spine_shiver/
When I was a hostess at a restaurant I sat two people before they even got there,2034,102,2021-10-24 02:30:20,2021,https://www.reddit.com/r/Glitch_in_the_Matrix/comments/qeh6lm/when_i_was_a_hostess_at_a_restaurant_i_sat_two/
Phone disappeared into thin air when I dropped it.,2013,224,2020-11-02 15:42:26,2020,https://www.reddit.com/r/Glitch_in_the_Matrix/comments/jmolwi/phone_disappeared_into_thin_air_when_i_dropped_it/
Something told me to slam on the brakes at an unactivated railway crossing. Likely saved my life.,2020,117,2021-06-23 21:47:46,2021,https://www.reddit.com/r/Glitch_in_the_Matrix/comments/o6kg28/something_told_me_to_slam_on_the_brakes_at_an/
3 days after my brother died he told me that he loved me and the night my dad died he said goodbye to my grandma.,2012,87,2020-09-12 23:06:25,2020,https://www.reddit.com/r/Glitch_in_the_Matrix/comments/irkstp/3_days_after_my_brother_died_he_told_me_that_he/
My boyfriend understood Japanese for a minute,2003,158,2023-09-30 19:37:49,2023,https://www.reddit.com/r/Glitch_in_the_Matrix/comments/16wcuq7/my_boyfriend_understood_japanese_for_a_minute/
Regenerating bracelet,1993,163,2019-10-19 17:47:29,2019,https://www.reddit.com/r/Glitch_in_the_Matrix/comments/dk5gh7/regenerating_bracelet/
"The craziest thing just happened to me. Woke up around 3 am from an annoying lamp light. In my sister's house, filmed on IphoneX, no other light sources were turned on in the room, and this is not a reflection. That was so surreal and weird.",1969,304,2018-06-05 10:59:28,2018,https://www.reddit.com/r/Glitch_in_the_Matrix/comments/8opano/the_craziest_thing_just_happened_to_me_woke_up/
"Visited my BF's parents in a city where I had never been before. We sat around in the kitchen talking and then his mother asked me to get her her scissors. I got up, went to the guest room dresser, opened the second drawer and got them out. There was no way I could have known where they were.",1968,109,2020-03-09 17:47:05,2020,https://www.reddit.com/r/Glitch_in_the_Matrix/comments/ffxl6j/visited_my_bfs_parents_in_a_city_where_i_had/
I heard a dog speak English once. Anyone else ever hear an animal and understand it?,1963,566,2021-11-15 02:50:22,2021,https://www.reddit.com/r/Glitch_in_the_Matrix/comments/qu54o9/i_heard_a_dog_speak_english_once_anyone_else_ever/
I quite literally can’t believe what happened to me..,1962,329,2024-01-05 00:01:37,2024,https://www.reddit.com/r/Glitch_in_the_Matrix/comments/18yqto0/i_quite_literally_cant_believe_what_happened_to_me/
My mom “saw my wedding picture” on my phone as my lock screen. I’m 18 and never been married.,1964,121,2020-01-01 07:39:06,2020,https://www.reddit.com/r/Glitch_in_the_Matrix/comments/eif7w6/my_mom_saw_my_wedding_picture_on_my_phone_as_my/
I Died in an Alternate Universe?,1958,331,2020-02-02 01:30:26,2020,https://www.reddit.com/r/Glitch_in_the_Matrix/comments/exfkue/i_died_in_an_alternate_universe/
Met my future wife 5 years early,1947,100,2019-07-12 05:35:18,2019,https://www.reddit.com/r/Glitch_in_the_Matrix/comments/cc5mpw/met_my_future_wife_5_years_early/
Our missing desk drawer turned up 12 years later on the street.,1950,181,2025-08-30 19:24:22,2025,https://www.reddit.com/r/Glitch_in_the_Matrix/comments/1n47awj/our_missing_desk_drawer_turned_up_12_years_later/
Second daughter disappeared,1936,302,2025-07-11 08:31:31,2025,https://www.reddit.com/r/Glitch_in_the_Matrix/comments/1lwzsfe/second_daughter_disappeared/
Something weird and unexplainable happened at my friend’s house,1931,92,2020-03-02 16:39:29,2020,https://www.reddit.com/r/Glitch_in_the_Matrix/comments/fcdtyg/something_weird_and_unexplainable_happened_at_my/
Stranger warned me about future,1933,172,2020-08-08 10:04:32,2020,https://www.reddit.com/r/Glitch_in_the_Matrix/comments/i5vi8y/stranger_warned_me_about_future/
An unseen force may have tried to lure me off the road to my death by altering reality,1929,170,2020-02-20 05:08:33,2020,https://www.reddit.com/r/Glitch_in_the_Matrix/comments/f6nbyj/an_unseen_force_may_have_tried_to_lure_me_off_the/
"My friend and I died in a car crash, then we respawned/re-set... I am convinced quantum immortality or parallel dimensions exist to a degree",1913,367,2022-09-20 21:34:59,2022,https://www.reddit.com/r/Glitch_in_the_Matrix/comments/xji8qz/my_friend_and_i_died_in_a_car_crash_then_we/
"A few years ago, news of someone’s suicide stopped me from doing my own. I’ve never been able to find information about them again",1906,86,2020-09-23 03:30:36,2020,https://www.reddit.com/r/Glitch_in_the_Matrix/comments/iy0ttm/a_few_years_ago_news_of_someones_suicide_stopped/
"I woke up in the middle of the night sobbing for no apparent reason , or so I thought",1898,107,2020-06-22 11:41:53,2020,https://www.reddit.com/r/Glitch_in_the_Matrix/comments/hdp9mi/i_woke_up_in_the_middle_of_the_night_sobbing_for/
Something compelled me to change my driving habits one night and it saved my life.,1871,96,2020-08-27 22:13:27,2020,https://www.reddit.com/r/Glitch_in_the_Matrix/comments/ihslcp/something_compelled_me_to_change_my_driving/
my dog told me he died,1872,25,2018-02-13 00:07:02,2018,https://www.reddit.com/r/Glitch_in_the_Matrix/comments/7x4w8i/my_dog_told_me_he_died/
"My friend seems to have just disappeared from the face of the earth? And i don't mean went missing, just disappeared with nobody recalling her ever existing.",1861,235,2020-03-30 15:56:49,2020,https://www.reddit.com/r/Glitch_in_the_Matrix/comments/frr8wu/my_friend_seems_to_have_just_disappeared_from_the/
The sky glitched out last night... my neighbor with me saw it too.,1856,464,2025-08-10 18:04:47,2025,https://www.reddit.com/r/Glitch_in_the_Matrix/comments/1mmmcr8/the_sky_glitched_out_last_night_my_neighbor_with/
I saw my mom's face became pixelated like a computer program for a split second.,1852,175,2025-09-27 03:44:16,2025,https://www.reddit.com/r/Glitch_in_the_Matrix/comments/1nrizi2/i_saw_my_moms_face_became_pixelated_like_a/
"Dreamed my friend died, I told him and then he did",1845,107,2017-07-07 14:28:05,2017,https://www.reddit.com/r/Glitch_in_the_Matrix/comments/6ltbe2/dreamed_my_friend_died_i_told_him_and_then_he_did/
The strangest thing happened yesterday (insane),1842,142,2020-10-31 22:01:57,2020,https://www.reddit.com/r/Glitch_in_the_Matrix/comments/jlq2eq/the_strangest_thing_happened_yesterday_insane/
Missing 4 hours and ended up on military base,1844,265,2021-08-19 04:23:33,2021,https://www.reddit.com/r/Glitch_in_the_Matrix/comments/p75vc2/missing_4_hours_and_ended_up_on_military_base/
I tried to kill myself.,1842,146,2013-03-21 07:35:50,2013,https://www.reddit.com/r/Glitch_in_the_Matrix/comments/1apwzj/i_tried_to_kill_myself/
I met my future self? Maybe?,1838,149,2020-05-28 11:29:45,2020,https://www.reddit.com/r/Glitch_in_the_Matrix/comments/gs31zd/i_met_my_future_self_maybe/
"Someone I know died years ago, but apparently he’s still alive",1831,212,2020-05-17 10:18:35,2020,https://www.reddit.com/r/Glitch_in_the_Matrix/comments/glbu2p/someone_i_know_died_years_ago_but_apparently_hes/
I have discovered an actual NPC.,1824,188,2022-06-06 01:38:48,2022,https://www.reddit.com/r/Glitch_in_the_Matrix/comments/v5plez/i_have_discovered_an_actual_npc/
"I remember a family member committing suicide, but he is now alive.",1817,202,2020-07-26 22:11:36,2020,https://www.reddit.com/r/Glitch_in_the_Matrix/comments/hydtv9/i_remember_a_family_member_committing_suicide_but/
I believe I may have been a glitch for someone else,1807,65,2018-10-26 01:31:53,2018,https://www.reddit.com/r/Glitch_in_the_Matrix/comments/9rfifr/i_believe_i_may_have_been_a_glitch_for_someone/
I experienced a moment straight out of the Truman show,1802,209,2021-12-15 23:01:14,2021,https://www.reddit.com/r/Glitch_in_the_Matrix/comments/rhalxd/i_experienced_a_moment_straight_out_of_the_truman/
My husband came home twice.,1798,120,2019-03-25 17:58:01,2019,https://www.reddit.com/r/Glitch_in_the_Matrix/comments/b5d79t/my_husband_came_home_twice/
I met ME from the future and can't stop thinking about it.,1801,218,2020-11-25 22:06:30,2020,https://www.reddit.com/r/Glitch_in_the_Matrix/comments/k10wbb/i_met_me_from_the_future_and_cant_stop_thinking/
Everyone disappeared and I feel like I'm going crazy?,1778,303,2020-04-18 03:15:45,2020,https://www.reddit.com/r/Glitch_in_the_Matrix/comments/g3es9f/everyone_disappeared_and_i_feel_like_im_going/
Something happened to me and I am now severely depressed and confused.,1762,272,2020-02-10 10:35:43,2020,https://www.reddit.com/r/Glitch_in_the_Matrix/comments/f1o11i/something_happened_to_me_and_i_am_now_severely/
Check your DNA,1759,120,2020-12-29 23:57:59,2020,https://www.reddit.com/r/Glitch_in_the_Matrix/comments/kmp478/check_your_dna/
The universe is listening,1752,153,2020-07-22 04:33:20,2020,https://www.reddit.com/r/Glitch_in_the_Matrix/comments/hvlfxr/the_universe_is_listening/
I watched a kid disappear off the face of the earth for 10 minutes and then respawn.,1749,107,2021-01-30 04:25:30,2021,https://www.reddit.com/r/Glitch_in_the_Matrix/comments/l8cm04/i_watched_a_kid_disappear_off_the_face_of_the/
A very weird spine chilling call (Ghost or Time slip phenomenon?),1745,118,2020-09-04 06:20:53,2020,https://www.reddit.com/r/Glitch_in_the_Matrix/comments/im9ace/a_very_weird_spine_chilling_call_ghost_or_time/
My cat glitched,1742,155,2020-07-18 16:58:16,2020,https://www.reddit.com/r/Glitch_in_the_Matrix/comments/hthxpg/my_cat_glitched/
Has anyone else experienced the random raindrop phenomenon?,1735,243,2021-02-12 10:10:38,2021,https://www.reddit.com/r/Glitch_in_the_Matrix/comments/li7fty/has_anyone_else_experienced_the_random_raindrop/
My friend died and came back to life years later,1725,696,2023-12-11 14:56:26,2023,https://www.reddit.com/r/Glitch_in_the_Matrix/comments/18fv3kb/my_friend_died_and_came_back_to_life_years_later/
I fell off a cliff and when I was rescued my entire reality was different,1722,366,2022-03-02 00:40:46,2022,https://www.reddit.com/r/Glitch_in_the_Matrix/comments/t4lupz/i_fell_off_a_cliff_and_when_i_was_rescued_my/
Did the World end in 2012?,1721,507,2018-11-13 02:21:24,2018,https://www.reddit.com/r/Glitch_in_the_Matrix/comments/9wkdl6/did_the_world_end_in_2012/
I’m in the UK and my car radio picked up a station out of Nevada. Time didn’t feel right and I still have the chills now.,1695,174,2020-04-22 08:07:51,2020,https://www.reddit.com/r/Glitch_in_the_Matrix/comments/g5vto2/im_in_the_uk_and_my_car_radio_picked_up_a_station/
This JUST happened 🤔,1681,417,2021-07-03 09:11:46,2021,https://www.reddit.com/r/Glitch_in_the_Matrix/comments/oct4cv/this_just_happened/
I Watched Myself Die from the Corner of the Room,1679,97,2025-04-21 07:26:45,2025,https://www.reddit.com/r/Glitch_in_the_Matrix/comments/1k45zht/i_watched_myself_die_from_the_corner_of_the_room/
My 2.5 year old read my mind,1683,184,2022-10-01 00:36:26,2022,https://www.reddit.com/r/Glitch_in_the_Matrix/comments/xseqpr/my_25_year_old_read_my_mind/
"My grandparents glitch story, my absolute favourite!",1673,120,2019-01-16 11:43:09,2019,https://www.reddit.com/r/Glitch_in_the_Matrix/comments/agjxnr/my_grandparents_glitch_story_my_absolute_favourite/
I think I called myself,1681,117,2013-06-26 19:56:59,2013,https://www.reddit.com/r/Glitch_in_the_Matrix/comments/1h4em1/i_think_i_called_myself/
Beware! Youtubers are monetizing our experiences,1673,200,2019-09-24 03:35:49,2019,https://www.reddit.com/r/Glitch_in_the_Matrix/comments/d8gc8z/beware_youtubers_are_monetizing_our_experiences/
I just held my dead cat and now she's ok.,1665,259,2022-12-17 11:09:19,2022,https://www.reddit.com/r/Glitch_in_the_Matrix/comments/zo38w2/i_just_held_my_dead_cat_and_now_shes_ok/
Randonautica glitch,1655,163,2020-07-23 19:22:26,2020,https://www.reddit.com/r/Glitch_in_the_Matrix/comments/hwjsvo/randonautica_glitch/
My child doesn’t exist,1656,126,2019-05-29 04:41:17,2019,https://www.reddit.com/r/Glitch_in_the_Matrix/comments/bu97lh/my_child_doesnt_exist/
Just experienced my most clear glitch in the matrix and kiddo did too- both so confused lol,1656,146,2024-11-29 18:29:20,2024,https://www.reddit.com/r/Glitch_in_the_Matrix/comments/1h2qxuk/just_experienced_my_most_clear_glitch_in_the/
🤔 am I actually dead?,1624,411,2020-05-29 23:09:45,2020,https://www.reddit.com/r/Glitch_in_the_Matrix/comments/gt1dn2/am_i_actually_dead/
My Best Friend Isn't the Same,1624,181,2020-08-24 19:19:32,2020,https://www.reddit.com/r/Glitch_in_the_Matrix/comments/iftb6o/my_best_friend_isnt_the_same/
I think my husband and I saw a computer arrow in the air,1622,225,2020-01-17 22:36:47,2020,https://www.reddit.com/r/Glitch_in_the_Matrix/comments/eq6xb2/i_think_my_husband_and_i_saw_a_computer_arrow_in/
The Matrix winked when we acknowledged it,1617,195,2021-03-10 22:41:24,2021,https://www.reddit.com/r/Glitch_in_the_Matrix/comments/m29ig5/the_matrix_winked_when_we_acknowledged_it/
Experienced a car crash this morning that didn’t actually happen,1619,191,2020-07-19 04:54:03,2020,https://www.reddit.com/r/Glitch_in_the_Matrix/comments/htteuo/experienced_a_car_crash_this_morning_that_didnt/
50 years in 5 seconds,1616,132,2020-08-02 18:05:23,2020,https://www.reddit.com/r/Glitch_in_the_Matrix/comments/i2ehea/50_years_in_5_seconds/
I heard my uncle's obituary before anyone knew he was dead and found out why he probably died while going through his stuff,1607,42,2020-07-03 22:57:48,2020,https://www.reddit.com/r/Glitch_in_the_Matrix/comments/hkqtub/i_heard_my_uncles_obituary_before_anyone_knew_he/
My girlfriend had a memory from the future,1604,132,2021-05-09 20:38:10,2021,https://www.reddit.com/r/Glitch_in_the_Matrix/comments/n8kftf/my_girlfriend_had_a_memory_from_the_future/
"At best friends funeral, me and 2 others saw her breathing deeply for 20 seconds. ",1600,255,2024-08-16 21:07:52,2024,https://www.reddit.com/r/Glitch_in_the_Matrix/comments/1etx6bn/at_best_friends_funeral_me_and_2_others_saw_her/
I survived a motorcycle accident I shouldn't have,1598,217,2024-01-17 23:20:46,2024,https://www.reddit.com/r/Glitch_in_the_Matrix/comments/1999l5k/i_survived_a_motorcycle_accident_i_shouldnt_have/
All the people from my wrestling class disappeared,1592,122,2020-06-15 00:15:26,2020,https://www.reddit.com/r/Glitch_in_the_Matrix/comments/h92zwa/all_the_people_from_my_wrestling_class_disappeared/
"Went to an old house in the woods, me and 4 of my friends saw something different on our way home",1589,166,2019-02-12 18:14:26,2019,https://www.reddit.com/r/Glitch_in_the_Matrix/comments/apvm8q/went_to_an_old_house_in_the_woods_me_and_4_of_my/
A strange person walked into the house and said hello. It was my dad.,1584,98,2024-06-18 06:44:22,2024,https://www.reddit.com/r/Glitch_in_the_Matrix/comments/1diicpw/a_strange_person_walked_into_the_house_and_said/
I saw the end of the world.,1582,232,2020-09-23 17:51:01,2020,https://www.reddit.com/r/Glitch_in_the_Matrix/comments/iycpuo/i_saw_the_end_of_the_world/
I think I stepped into a parallel universe for a moment,1579,178,2022-09-26 18:47:22,2022,https://www.reddit.com/r/Glitch_in_the_Matrix/comments/xoop8a/i_think_i_stepped_into_a_parallel_universe_for_a/
I got a phone call from my girlfriend from an alternate reality??,1578,253,2024-06-23 14:44:26,2024,https://www.reddit.com/r/Glitch_in_the_Matrix/comments/1dmlbo9/i_got_a_phone_call_from_my_girlfriend_from_an/
"Me and my sister shared a day out together, that didn't actually occur.",1573,134,2021-05-20 02:02:29,2021,https://www.reddit.com/r/Glitch_in_the_Matrix/comments/ngl920/me_and_my_sister_shared_a_day_out_together_that/
Is anyone else experiencing an influx of missing forks or other utensils?,1566,699,2020-06-06 03:08:41,2020,https://www.reddit.com/r/Glitch_in_the_Matrix/comments/gxhatj/is_anyone_else_experiencing_an_influx_of_missing/
I️ got into an car accident with the person I️ made in a video game.,1553,127,2020-09-20 03:37:16,2020,https://www.reddit.com/r/Glitch_in_the_Matrix/comments/iw4xx8/i_got_into_an_car_accident_with_the_person_i_made/
Someone warned me about something big,1545,238,2020-09-15 02:37:08,2020,https://www.reddit.com/r/Glitch_in_the_Matrix/comments/isxz0u/someone_warned_me_about_something_big/
Something weird about me and my girlfriend,1540,202,2020-07-25 03:48:43,2020,https://www.reddit.com/r/Glitch_in_the_Matrix/comments/hxeilw/something_weird_about_me_and_my_girlfriend/
Message from an Alternate Reality,1534,130,2022-11-20 19:36:02,2022,https://www.reddit.com/r/Glitch_in_the_Matrix/comments/z0bkpa/message_from_an_alternate_reality/
I Don't Have A child,1530,78,2021-09-29 07:28:28,2021,https://www.reddit.com/r/Glitch_in_the_Matrix/comments/pxoqjv/i_dont_have_a_child/
I called my future daughter,1535,234,2018-11-09 03:41:22,2018,https://www.reddit.com/r/Glitch_in_the_Matrix/comments/9vgndj/i_called_my_future_daughter/
NPC not following their script?,1522,170,2021-11-12 17:48:45,2021,https://www.reddit.com/r/Glitch_in_the_Matrix/comments/qsfcmu/npc_not_following_their_script/
Mourned over my sister’s dog several months ago; she was at my parent’s house on Thanksgiving,1507,109,2020-12-21 04:45:58,2020,https://www.reddit.com/r/Glitch_in_the_Matrix/comments/kh9cr2/mourned_over_my_sisters_dog_several_months_ago/
I just saw a small teenager deadlift 350kg conventional,1509,266,2023-09-10 11:09:45,2023,https://www.reddit.com/r/Glitch_in_the_Matrix/comments/16evkyq/i_just_saw_a_small_teenager_deadlift_350kg/
"I ran into a woman in the parking lot when I was 19, we had the intense feeling that we absolutely knew one another, but have never met before",1502,208,2022-07-08 15:54:12,2022,https://www.reddit.com/r/Glitch_in_the_Matrix/comments/vubbtt/i_ran_into_a_woman_in_the_parking_lot_when_i_was/
Something VERY WEIRD just happened,1495,213,2017-11-14 03:12:03,2017,https://www.reddit.com/r/Glitch_in_the_Matrix/comments/7csd35/something_very_weird_just_happened/
I have chosen one of my parents death 5 minutes before it happened,1497,120,2023-12-12 10:48:06,2023,https://www.reddit.com/r/Glitch_in_the_Matrix/comments/18gic7q/i_have_chosen_one_of_my_parents_death_5_minutes/
"My mum received a voicemail from a Californian landline, we're from the UK. the recording is of her shouting at the dog.",1492,227,2020-11-21 22:44:19,2020,https://www.reddit.com/r/Glitch_in_the_Matrix/comments/jyj839/my_mum_received_a_voicemail_from_a_californian/
My mute cousin just spoke to me,1484,167,2021-12-31 15:06:52,2021,https://www.reddit.com/r/Glitch_in_the_Matrix/comments/rsumro/my_mute_cousin_just_spoke_to_me/
Glitchy Husband,1474,150,2018-04-22 16:14:07,2018,https://www.reddit.com/r/Glitch_in_the_Matrix/comments/8e3h4s/glitchy_husband/
I just had my very first glitch.,1472,91,2020-09-21 08:41:15,2020,https://www.reddit.com/r/Glitch_in_the_Matrix/comments/iwv7t3/i_just_had_my_very_first_glitch/
My dog came home 2 years after she had died,1476,61,2018-05-08 21:57:43,2018,https://www.reddit.com/r/Glitch_in_the_Matrix/comments/8hzror/my_dog_came_home_2_years_after_she_had_died/
I think i time traveled back to 1991,1461,72,2017-09-26 12:38:42,2017,https://www.reddit.com/r/Glitch_in_the_Matrix/comments/72jhv7/i_think_i_time_traveled_back_to_1991/
I answered a call at work from another dimension?,1456,123,2020-08-13 19:02:05,2020,https://www.reddit.com/r/Glitch_in_the_Matrix/comments/i93ppa/i_answered_a_call_at_work_from_another_dimension/
I’m the glitch in other people’s stories.,1459,42,2021-02-10 01:43:46,2021,https://www.reddit.com/r/Glitch_in_the_Matrix/comments/lghxhr/im_the_glitch_in_other_peoples_stories/
My Grandpa sends my family nickels,1450,51,2020-12-05 19:37:32,2020,https://www.reddit.com/r/Glitch_in_the_Matrix/comments/k7cxto/my_grandpa_sends_my_family_nickels/
did I have sex with an alien?,1449,519,2019-01-09 17:28:40,2019,https://www.reddit.com/r/Glitch_in_the_Matrix/comments/ae8gnp/did_i_have_sex_with_an_alien/
Two of us teleported and now things are “off”,1445,323,2022-07-31 19:59:36,2022,https://www.reddit.com/r/Glitch_in_the_Matrix/comments/wcuqni/two_of_us_teleported_and_now_things_are_off/
Shampoo or Conditioner?,1437,151,2020-08-18 14:24:05,2020,https://www.reddit.com/r/Glitch_in_the_Matrix/comments/ic003c/shampoo_or_conditioner/
I was at a restaurant with 4 of my friends .After we ate the waitress put the bill on the table. The second my friend touched the bill folder . This urge came over me &amp; I accidentally blurted out 217.48. My friend open the bill and his jaws dropped . The total on the check said 217.48$ . Wtf,1432,158,2022-01-26 02:05:57,2022,https://www.reddit.com/r/Glitch_in_the_Matrix/comments/sct6el/i_was_at_a_restaurant_with_4_of_my_friends_after/
"I repeated a day/night, and I can't get over it.",1436,139,2021-01-19 06:12:48,2021,https://www.reddit.com/r/Glitch_in_the_Matrix/comments/l0cwbi/i_repeated_a_daynight_and_i_cant_get_over_it/
My boyfriend and I lost 10 hours,1429,227,2018-09-30 22:56:01,2018,https://www.reddit.com/r/Glitch_in_the_Matrix/comments/9k9x6m/my_boyfriend_and_i_lost_10_hours/
My child was glitched,1429,173,2018-09-26 07:33:34,2018,https://www.reddit.com/r/Glitch_in_the_Matrix/comments/9izqp4/my_child_was_glitched/
Hearing my roommate from 20 miles away,1426,195,2024-02-21 02:38:02,2024,https://www.reddit.com/r/Glitch_in_the_Matrix/comments/1avzfzd/hearing_my_roommate_from_20_miles_away/
I chose not to follow the script.,1426,88,2021-02-22 02:20:49,2021,https://www.reddit.com/r/Glitch_in_the_Matrix/comments/lpboe3/i_chose_not_to_follow_the_script/
Did we step into a parallel reality?,1424,104,2020-10-07 04:44:20,2020,https://www.reddit.com/r/Glitch_in_the_Matrix/comments/j6j2es/did_we_step_into_a_parallel_reality/
Short and sweet (literally) glitch,1424,60,2020-03-18 18:43:39,2020,https://www.reddit.com/r/Glitch_in_the_Matrix/comments/fktnbl/short_and_sweet_literally_glitch/
Is there an explanation for what my child said? It is creeping me out.,1411,386,2023-01-25 03:00:36,2023,https://www.reddit.com/r/Glitch_in_the_Matrix/comments/10kn2fi/is_there_an_explanation_for_what_my_child_said_it/
Guy was dead for over 2 decades,1415,85,2020-04-29 21:14:25,2020,https://www.reddit.com/r/Glitch_in_the_Matrix/comments/gafl5w/guy_was_dead_for_over_2_decades/
I died but I’m still here.,1410,282,2020-10-29 04:08:06,2020,https://www.reddit.com/r/Glitch_in_the_Matrix/comments/jk2hx5/i_died_but_im_still_here/
I slipped into an alternate reality while driving home from work,1409,224,2020-12-17 17:23:09,2020,https://www.reddit.com/r/Glitch_in_the_Matrix/comments/kf0i0n/i_slipped_into_an_alternate_reality_while_driving/
That's not my neighbor.,1417,382,2022-07-23 21:28:58,2022,https://www.reddit.com/r/Glitch_in_the_Matrix/comments/w6c1tq/thats_not_my_neighbor/
Glitch saved my life,1412,110,2021-05-14 14:38:58,2021,https://www.reddit.com/r/Glitch_in_the_Matrix/comments/nc7mu2/glitch_saved_my_life/
A Thirsty Shih Tzu,1409,78,2020-12-02 06:30:57,2020,https://www.reddit.com/r/Glitch_in_the_Matrix/comments/k536hj/a_thirsty_shih_tzu/
A coke from my dead mom.,1403,56,2020-11-06 06:50:36,2020,https://www.reddit.com/r/Glitch_in_the_Matrix/comments/jozkvh/a_coke_from_my_dead_mom/
I think I may have failed some sort of weird test to see where my heart was at,1398,180,2021-05-23 16:57:29,2021,https://www.reddit.com/r/Glitch_in_the_Matrix/comments/nj9epr/i_think_i_may_have_failed_some_sort_of_weird_test/
Pizza fate,1395,61,2020-08-16 04:20:52,2020,https://www.reddit.com/r/Glitch_in_the_Matrix/comments/iakhdn/pizza_fate/
In December 2019 I died...now everything feels like I’m living in a parallel universe,1399,306,2020-04-03 10:34:02,2020,https://www.reddit.com/r/Glitch_in_the_Matrix/comments/fu4o79/in_december_2019_i_diednow_everything_feels_like/
my groceries doubled while I was putting them away?,1384,113,2021-04-27 22:07:40,2021,https://www.reddit.com/r/Glitch_in_the_Matrix/comments/mzxc6m/my_groceries_doubled_while_i_was_putting_them_away/
Bizarre encounter with... myself?,1377,139,2021-03-28 13:38:29,2021,https://www.reddit.com/r/Glitch_in_the_Matrix/comments/meztxo/bizarre_encounter_with_myself/
"While doing my makeup looking in the vanity mirror, I saw my dog looking right at me. At the same time, from the corner of my eye, I saw my dog turning its head, looking in an opposite direction towards the wall. I quickly looked back into the vanity mirror. My dog was still looking at me.",1384,154,2019-12-30 20:01:27,2019,https://www.reddit.com/r/Glitch_in_the_Matrix/comments/ehqbrp/while_doing_my_makeup_looking_in_the_vanity/
I’m Still in Shock,1377,190,2022-01-19 22:46:41,2022,https://www.reddit.com/r/Glitch_in_the_Matrix/comments/s81hp5/im_still_in_shock/
Last night a picture showed up in my girlfriends phone,1379,209,2020-04-27 20:36:45,2020,https://www.reddit.com/r/Glitch_in_the_Matrix/comments/g96j18/last_night_a_picture_showed_up_in_my_girlfriends/
"When I opened the door and looked down, my heart sank to my stomach. Either I am completely losing it, or I just experienced a very real glitch in the Matrix.",1378,291,2022-08-24 04:18:50,2022,https://www.reddit.com/r/Glitch_in_the_Matrix/comments/ww78am/when_i_opened_the_door_and_looked_down_my_heart/
Best Friend &amp; I saw ourselves abt 30 mins prior.,1367,117,2020-09-28 20:01:22,2020,https://www.reddit.com/r/Glitch_in_the_Matrix/comments/j1h57f/best_friend_i_saw_ourselves_abt_30_mins_prior/
I chased myself,1365,107,2018-10-28 21:44:45,2018,https://www.reddit.com/r/Glitch_in_the_Matrix/comments/9s6kmo/i_chased_myself/
My first glitch.,1368,83,2020-03-01 06:15:22,2020,https://www.reddit.com/r/Glitch_in_the_Matrix/comments/fbpexe/my_first_glitch/
An unfamiliar voice saved me from getting hit by a semi,1366,201,2020-06-19 20:30:05,2020,https://www.reddit.com/r/Glitch_in_the_Matrix/comments/hc60yk/an_unfamiliar_voice_saved_me_from_getting_hit_by/
Any idea on what's freaking happening?,1361,261,2021-11-26 05:12:43,2021,https://www.reddit.com/r/Glitch_in_the_Matrix/comments/r2eih0/any_idea_on_whats_freaking_happening/
My classmate is alive,1361,302,2021-02-08 00:58:35,2021,https://www.reddit.com/r/Glitch_in_the_Matrix/comments/lez5bc/my_classmate_is_alive/
I dreamed my kids 3 years before I got them.,1352,61,2019-04-20 00:09:33,2019,https://www.reddit.com/r/Glitch_in_the_Matrix/comments/bf50d2/i_dreamed_my_kids_3_years_before_i_got_them/
Friend got deleted from reality after stopping in a gas station,1348,189,2020-07-18 21:34:41,2020,https://www.reddit.com/r/Glitch_in_the_Matrix/comments/htmmcj/friend_got_deleted_from_reality_after_stopping_in/
My Californian Mother had a Southern accent on her wedding day and no one remembers her ever having one.,1346,181,2021-07-08 06:18:48,2021,https://www.reddit.com/r/Glitch_in_the_Matrix/comments/ofzr0l/my_californian_mother_had_a_southern_accent_on/
What the fork?,1345,150,2020-09-10 23:14:41,2020,https://www.reddit.com/r/Glitch_in_the_Matrix/comments/iqchj1/what_the_fork/
My neighbors are always leaving whenever I'm outside,1346,224,2020-06-27 23:43:54,2020,https://www.reddit.com/r/Glitch_in_the_Matrix/comments/hh26gw/my_neighbors_are_always_leaving_whenever_im/
I think I bumped into myself an hour apart?,1341,66,2017-03-21 19:09:05,2017,https://www.reddit.com/r/Glitch_in_the_Matrix/comments/60p7vi/i_think_i_bumped_into_myself_an_hour_apart/
My dead workmate is actually alive?,1334,202,2021-03-03 14:10:51,2021,https://www.reddit.com/r/Glitch_in_the_Matrix/comments/lwtipl/my_dead_workmate_is_actually_alive/
I saw a flash of the future and saved me from getting caught.,1342,70,2021-05-01 14:11:15,2021,https://www.reddit.com/r/Glitch_in_the_Matrix/comments/n2h4y0/i_saw_a_flash_of_the_future_and_saved_me_from/
A town that doesn't exist,1330,193,2022-07-27 13:46:40,2022,https://www.reddit.com/r/Glitch_in_the_Matrix/comments/w9cl30/a_town_that_doesnt_exist/
A gift from beyond the grave?!?,1329,115,2021-04-04 17:18:57,2021,https://www.reddit.com/r/Glitch_in_the_Matrix/comments/mjy6nw/a_gift_from_beyond_the_grave/
"This isn’t my first glitch, but it’s the worst",1328,89,2019-08-28 22:47:21,2019,https://www.reddit.com/r/Glitch_in_the_Matrix/comments/cwqm52/this_isnt_my_first_glitch_but_its_the_worst/
I saw my mom but she was 24 years younger.,1334,126,2020-02-20 18:01:04,2020,https://www.reddit.com/r/Glitch_in_the_Matrix/comments/f6w07i/i_saw_my_mom_but_she_was_24_years_younger/
Potential thief brainwashed or glitched by phone light?,1327,200,2021-03-06 04:36:55,2021,https://www.reddit.com/r/Glitch_in_the_Matrix/comments/lyt5xl/potential_thief_brainwashed_or_glitched_by_phone/
My dog and I both experienced a glitch today.,1323,123,2025-10-17 03:24:43,2025,https://www.reddit.com/r/Glitch_in_the_Matrix/comments/1o8o6m2/my_dog_and_i_both_experienced_a_glitch_today/
"This is not my dimension, and I'm afraid I'm asleep.",1327,210,2017-12-04 14:53:04,2017,https://www.reddit.com/r/Glitch_in_the_Matrix/comments/7hhfna/this_is_not_my_dimension_and_im_afraid_im_asleep/
My deceased friend isn't deceased,1315,171,2021-09-08 17:55:42,2021,https://www.reddit.com/r/Glitch_in_the_Matrix/comments/pkda7c/my_deceased_friend_isnt_deceased/
Could have died due to drug overdose when I was 18...,1317,187,2020-08-22 05:07:24,2020,https://www.reddit.com/r/Glitch_in_the_Matrix/comments/ieb2p9/could_have_died_due_to_drug_overdose_when_i_was_18/
Running into the same guy for years - are we connected somehow?,1315,160,2020-12-11 09:03:23,2020,https://www.reddit.com/r/Glitch_in_the_Matrix/comments/kayn14/running_into_the_same_guy_for_years_are_we/
This literally just happened 2 minutes ago...,1313,111,2020-10-08 01:32:23,2020,https://www.reddit.com/r/Glitch_in_the_Matrix/comments/j71znb/this_literally_just_happened_2_minutes_ago/
My sister “came” home???,1307,116,2025-03-02 00:31:22,2025,https://www.reddit.com/r/Glitch_in_the_Matrix/comments/1j1cysc/my_sister_came_home/
My mother and I heard the inside of each other's brains,1310,242,2023-12-06 05:07:39,2023,https://www.reddit.com/r/Glitch_in_the_Matrix/comments/18bvfw7/my_mother_and_i_heard_the_inside_of_each_others/
Someone Is Missing In My Life,1309,158,2021-02-13 22:07:17,2021,https://www.reddit.com/r/Glitch_in_the_Matrix/comments/lj9anv/someone_is_missing_in_my_life/
Missing as a child.,1304,81,2019-09-18 21:53:56,2019,https://www.reddit.com/r/Glitch_in_the_Matrix/comments/d636xw/missing_as_a_child/
What's your most boring glitch?,1298,438,2021-01-14 18:24:36,2021,https://www.reddit.com/r/Glitch_in_the_Matrix/comments/kxa61c/whats_your_most_boring_glitch/
Opened the door to my husband who didn’t move or say anything,1295,186,2025-05-05 20:58:50,2025,https://www.reddit.com/r/Glitch_in_the_Matrix/comments/1kfjrml/opened_the_door_to_my_husband_who_didnt_move_or/
"girlfriend &amp; I both witnessed YT vid yell at me, rewinded &amp; it wasn’t in the vid.",1293,161,2021-11-02 12:04:39,2021,https://www.reddit.com/r/Glitch_in_the_Matrix/comments/ql1rri/girlfriend_i_both_witnessed_yt_vid_yell_at_me/
My cousin had a baby and didn’t name it for 2 days. I “knew” the baby’s name immediately after it was born. Before my cousin even picked it.,1293,211,2019-12-12 14:50:08,2019,https://www.reddit.com/r/Glitch_in_the_Matrix/comments/e9nshz/my_cousin_had_a_baby_and_didnt_name_it_for_2_days/
This is my second post about a weird occurrence that blew my mind completely,1281,76,2023-10-23 07:06:26,2023,https://www.reddit.com/r/Glitch_in_the_Matrix/comments/17ecr9r/this_is_my_second_post_about_a_weird_occurrence/
"Old book that had been destroyed turns up in bookstore brand new, contains personal item of mine",1286,101,2020-01-27 18:04:36,2020,https://www.reddit.com/r/Glitch_in_the_Matrix/comments/euqq6u/old_book_that_had_been_destroyed_turns_up_in/
UPDATE: I dropped a pen and watched it vanish in mid air,1279,190,2020-11-13 17:54:15,2020,https://www.reddit.com/r/Glitch_in_the_Matrix/comments/jtjcb7/update_i_dropped_a_pen_and_watched_it_vanish_in/
YouTube Time Traveler That Never Existed,1277,97,2019-11-03 20:48:51,2019,https://www.reddit.com/r/Glitch_in_the_Matrix/comments/dr5mla/youtube_time_traveler_that_never_existed/
The new hire I just spoke to died three days ago,1278,101,2022-02-04 00:54:32,2022,https://www.reddit.com/r/Glitch_in_the_Matrix/comments/sjye4h/the_new_hire_i_just_spoke_to_died_three_days_ago/
I was thinking about drinking today,1269,92,2022-08-02 22:30:49,2022,https://www.reddit.com/r/Glitch_in_the_Matrix/comments/wem908/i_was_thinking_about_drinking_today/
I think I died last night.,1270,151,2020-02-23 14:12:39,2020,https://www.reddit.com/r/Glitch_in_the_Matrix/comments/f899ue/i_think_i_died_last_night/
This literally JUST happened.,1272,197,2020-07-15 20:22:17,2020,https://www.reddit.com/r/Glitch_in_the_Matrix/comments/hrsxmp/this_literally_just_happened/
The strangest thing that I have ever encountered in my life just happened seconds ago.,1268,111,2021-06-12 04:53:29,2021,https://www.reddit.com/r/Glitch_in_the_Matrix/comments/nxwv03/the_strangest_thing_that_i_have_ever_encountered/
My friend and I went for a long walk in the woods. When we came back only about 10 minutes had passed.,1262,137,2020-06-21 21:03:20,2020,https://www.reddit.com/r/Glitch_in_the_Matrix/comments/hdcfn7/my_friend_and_i_went_for_a_long_walk_in_the_woods/
Husband in two places at once,1262,115,2020-06-17 16:44:14,2020,https://www.reddit.com/r/Glitch_in_the_Matrix/comments/hasi1t/husband_in_two_places_at_once/
My dad and I survived a tornado that never existed,1260,200,2018-04-09 22:01:27,2018,https://www.reddit.com/r/Glitch_in_the_Matrix/comments/8b1hff/my_dad_and_i_survived_a_tornado_that_never_existed/
Guy is not using words at work when speaking.,1258,276,2024-09-19 23:10:33,2024,https://www.reddit.com/r/Glitch_in_the_Matrix/comments/1fkv8z5/guy_is_not_using_words_at_work_when_speaking/
Boyfriend's gut feeling saved my life.,1258,64,2020-01-15 21:57:06,2020,https://www.reddit.com/r/Glitch_in_the_Matrix/comments/ep8baj/boyfriends_gut_feeling_saved_my_life/
Mum got a call from boyfriend sitting beside her,1254,122,2023-01-09 18:55:14,2023,https://www.reddit.com/r/Glitch_in_the_Matrix/comments/107kxv1/mum_got_a_call_from_boyfriend_sitting_beside_her/
My timeline split this weekend and I have the timeline to prove it.,1241,245,2021-07-12 17:26:46,2021,https://www.reddit.com/r/Glitch_in_the_Matrix/comments/oitju6/my_timeline_split_this_weekend_and_i_have_the/
Something strange happened to me today,1245,95,2025-02-28 05:56:45,2025,https://www.reddit.com/r/Glitch_in_the_Matrix/comments/1izzyjw/something_strange_happened_to_me_today/
Not my mum and daughter,1241,85,2020-08-01 23:12:52,2020,https://www.reddit.com/r/Glitch_in_the_Matrix/comments/i1zy60/not_my_mum_and_daughter/
I dropped a pen and watched it vanish in mid air,1241,185,2020-05-27 03:12:07,2020,https://www.reddit.com/r/Glitch_in_the_Matrix/comments/gr9vei/i_dropped_a_pen_and_watched_it_vanish_in_mid_air/
I’m freaked out!,1233,95,2022-06-24 05:26:31,2022,https://www.reddit.com/r/Glitch_in_the_Matrix/comments/vjequh/im_freaked_out/
"We lost 2 hours of our day, and can't account for it",1240,219,2020-07-08 10:13:07,2020,https://www.reddit.com/r/Glitch_in_the_Matrix/comments/hnd5vi/we_lost_2_hours_of_our_day_and_cant_account_for_it/
Apple Pie,1238,50,2021-10-04 22:11:49,2021,https://www.reddit.com/r/Glitch_in_the_Matrix/comments/q1dyod/apple_pie/
Daughter’s sippy cup sewn into the couch,1236,137,2022-11-24 04:12:51,2022,https://www.reddit.com/r/Glitch_in_the_Matrix/comments/z38s54/daughters_sippy_cup_sewn_into_the_couch/
Did our two year old daughter glitch... or am I just living in her origin story?,1229,123,2022-07-13 20:04:27,2022,https://www.reddit.com/r/Glitch_in_the_Matrix/comments/vy9ofs/did_our_two_year_old_daughter_glitch_or_am_i_just/
Sarah Michelle Gellar didn't exist for one hour,1231,159,2021-01-05 00:42:20,2021,https://www.reddit.com/r/Glitch_in_the_Matrix/comments/kql7c5/sarah_michelle_gellar_didnt_exist_for_one_hour/
My sister and I saw several weird things at the beach.,1225,228,2021-01-31 14:14:07,2021,https://www.reddit.com/r/Glitch_in_the_Matrix/comments/l9c2fz/my_sister_and_i_saw_several_weird_things_at_the/
What fuckin day is it,1229,283,2020-02-12 22:08:32,2020,https://www.reddit.com/r/Glitch_in_the_Matrix/comments/f2y53t/what_fuckin_day_is_it/
Lived 23 years in a dream,1225,550,2019-05-14 06:52:03,2019,https://www.reddit.com/r/Glitch_in_the_Matrix/comments/boeblo/lived_23_years_in_a_dream/
Ask for your items back!,1220,151,2023-01-22 15:17:11,2023,https://www.reddit.com/r/Glitch_in_the_Matrix/comments/10ikn5p/ask_for_your_items_back/
"Dialed the wrong number, found who I was looking for ",1217,94,2024-12-03 01:10:25,2024,https://www.reddit.com/r/Glitch_in_the_Matrix/comments/1h5a3m1/dialed_the_wrong_number_found_who_i_was_looking/
This is the kind of stuff that makes me think I'm in a programmed world.,1217,118,2020-04-23 02:47:21,2020,https://www.reddit.com/r/Glitch_in_the_Matrix/comments/g6d5vc/this_is_the_kind_of_stuff_that_makes_me_think_im/
A staircase took me to a place that wasn’t part of our building. Still haunts me.,1213,147,2025-05-26 21:53:13,2025,https://www.reddit.com/r/Glitch_in_the_Matrix/comments/1kw3sg8/a_staircase_took_me_to_a_place_that_wasnt_part_of/
Lost several hours of my morning and “woke up” at my high school,1207,181,2021-03-18 22:48:54,2021,https://www.reddit.com/r/Glitch_in_the_Matrix/comments/m81mn8/lost_several_hours_of_my_morning_and_woke_up_at/
My sweatshirt met me in Colorado,1208,95,2020-09-24 09:15:56,2020,https://www.reddit.com/r/Glitch_in_the_Matrix/comments/iysj6l/my_sweatshirt_met_me_in_colorado/
Well...That Was Odd,1210,159,2026-04-12 17:35:45,2026,https://www.reddit.com/r/Glitch_in_the_Matrix/comments/1sjhr54/wellthat_was_odd/
What if 2012 actually happened?,1203,331,2020-01-30 03:16:54,2020,https://www.reddit.com/r/Glitch_in_the_Matrix/comments/evxxop/what_if_2012_actually_happened/
A trail in the woods told us not to walk on it,1203,149,2021-12-05 06:59:59,2021,https://www.reddit.com/r/Glitch_in_the_Matrix/comments/r991ls/a_trail_in_the_woods_told_us_not_to_walk_on_it/
Police Officer way out of place!,1206,123,2020-09-17 01:43:43,2020,https://www.reddit.com/r/Glitch_in_the_Matrix/comments/iu7q2j/police_officer_way_out_of_place/
"My reflection wasn’t looking at me, and then it was",1204,279,2022-06-05 04:02:47,2022,https://www.reddit.com/r/Glitch_in_the_Matrix/comments/v53hao/my_reflection_wasnt_looking_at_me_and_then_it_was/
Pretty sure my college friend switched timelines from one where we hooked up,1195,133,2022-04-11 00:06:15,2022,https://www.reddit.com/r/Glitch_in_the_Matrix/comments/u0sav0/pretty_sure_my_college_friend_switched_timelines/
I had a vision of complex mathematical blueprints during a dislocated shoulder that instructed me how to put it back in.,1194,112,2020-11-16 07:22:15,2020,https://www.reddit.com/r/Glitch_in_the_Matrix/comments/jv1z7l/i_had_a_vision_of_complex_mathematical_blueprints/
I left my neurologist uncle speechless,1195,158,2020-02-25 18:59:54,2020,https://www.reddit.com/r/Glitch_in_the_Matrix/comments/f9e8ez/i_left_my_neurologist_uncle_speechless/
Something unexplainable and impossible just happened to me.,1198,167,2025-12-22 20:55:44,2025,https://www.reddit.com/r/Glitch_in_the_Matrix/comments/1pt9881/something_unexplainable_and_impossible_just/
Truman show moment,1197,451,2022-01-23 17:16:44,2022,https://www.reddit.com/r/Glitch_in_the_Matrix/comments/sax43f/truman_show_moment/
I Annoyed The Simulation Gods,1197,253,2021-02-10 17:02:22,2021,https://www.reddit.com/r/Glitch_in_the_Matrix/comments/lgwrc3/i_annoyed_the_simulation_gods/
"A song my husband was playing sparked a memory for me. But the thing is, I'm deaf.",1192,78,2020-08-21 01:38:12,2020,https://www.reddit.com/r/Glitch_in_the_Matrix/comments/idlm4e/a_song_my_husband_was_playing_sparked_a_memory/
The girl who wasn’t,1199,122,2022-08-10 15:50:31,2022,https://www.reddit.com/r/Glitch_in_the_Matrix/comments/wkxzdf/the_girl_who_wasnt/
Made a friend who seemed to just disappear,1196,106,2020-07-11 18:08:58,2020,https://www.reddit.com/r/Glitch_in_the_Matrix/comments/hpcj85/made_a_friend_who_seemed_to_just_disappear/
My Childhood Friend Reappeared,1194,61,2020-07-11 02:14:25,2020,https://www.reddit.com/r/Glitch_in_the_Matrix/comments/hp0cef/my_childhood_friend_reappeared/
I was sure I had a third child for a few minutes,1196,148,2020-06-02 03:59:00,2020,https://www.reddit.com/r/Glitch_in_the_Matrix/comments/guy85y/i_was_sure_i_had_a_third_child_for_a_few_minutes/
Greeted a friend who died 3 years ago,1189,200,2022-03-02 21:18:45,2022,https://www.reddit.com/r/Glitch_in_the_Matrix/comments/t595v0/greeted_a_friend_who_died_3_years_ago/
"Guys, the 23 year dream guy tricked us.",1189,186,2019-05-15 01:50:00,2019,https://www.reddit.com/r/Glitch_in_the_Matrix/comments/boqfxl/guys_the_23_year_dream_guy_tricked_us/
The ghost family,1190,50,2023-02-04 14:44:44,2023,https://www.reddit.com/r/Glitch_in_the_Matrix/comments/10tgqi2/the_ghost_family/
A Few Seconds From Death,1191,141,2020-08-09 21:52:45,2020,https://www.reddit.com/r/Glitch_in_the_Matrix/comments/i6pvcv/a_few_seconds_from_death/
I don't recognize my girlfriend anymore,1192,52,2018-03-28 22:54:30,2018,https://www.reddit.com/r/Glitch_in_the_Matrix/comments/87vhdq/i_dont_recognize_my_girlfriend_anymore/
"""Why do you have bruises all over your legs?""",1186,136,2024-01-31 17:45:00,2024,https://www.reddit.com/r/Glitch_in_the_Matrix/comments/1afm73y/why_do_you_have_bruises_all_over_your_legs/
weird signs,1185,112,2019-11-02 04:33:59,2019,https://www.reddit.com/r/Glitch_in_the_Matrix/comments/dqf1js/weird_signs/
My dishwasher keeps making new dishes,1184,152,2021-02-16 10:29:07,2021,https://www.reddit.com/r/Glitch_in_the_Matrix/comments/ll0c94/my_dishwasher_keeps_making_new_dishes/
We all saw him.,1186,88,2020-05-15 16:55:49,2020,https://www.reddit.com/r/Glitch_in_the_Matrix/comments/gkalep/we_all_saw_him/
"I’m posting this really late, but the song Freaky Friday by Chris Brown and Lil Dicky aired on MTV 4 years before it was released.",1176,103,2019-06-29 12:58:47,2019,https://www.reddit.com/r/Glitch_in_the_Matrix/comments/c6xmwi/im_posting_this_really_late_but_the_song_freaky/
"My toddler fell forward onto the open oven door while I was baking, and landed several feet away, completely fine",1179,105,2024-09-30 04:25:05,2024,https://www.reddit.com/r/Glitch_in_the_Matrix/comments/1fsl6qa/my_toddler_fell_forward_onto_the_open_oven_door/
This made no sense. Changed my whole perspective on life.,1175,91,2021-01-17 15:14:18,2021,https://www.reddit.com/r/Glitch_in_the_Matrix/comments/kz74u5/this_made_no_sense_changed_my_whole_perspective/
Every time we die in one universe we enter a new one,1183,301,2019-11-12 20:02:56,2019,https://www.reddit.com/r/Glitch_in_the_Matrix/comments/dvejl0/every_time_we_die_in_one_universe_we_enter_a_new/
In some other timeline I died in a horrific car crash.,1171,157,2019-02-20 20:33:45,2019,https://www.reddit.com/r/Glitch_in_the_Matrix/comments/asslgo/in_some_other_timeline_i_died_in_a_horrific_car/
Several people saw and spoke to my father but what they didn't know is that he was already dead years ago.,1177,111,2021-05-28 17:00:15,2021,https://www.reddit.com/r/Glitch_in_the_Matrix/comments/nmzplo/several_people_saw_and_spoke_to_my_father_but/
People keep calling me by a wrong yet familiar name,1165,149,2022-02-19 21:45:05,2022,https://www.reddit.com/r/Glitch_in_the_Matrix/comments/swjgfo/people_keep_calling_me_by_a_wrong_yet_familiar/
a glimpse of the future?,1175,62,2020-10-25 21:45:34,2020,https://www.reddit.com/r/Glitch_in_the_Matrix/comments/ji0tca/a_glimpse_of_the_future/
My friend was at my flat but disappeared halfway through,1168,164,2023-11-02 16:21:40,2023,https://www.reddit.com/r/Glitch_in_the_Matrix/comments/17m5wis/my_friend_was_at_my_flat_but_disappeared_halfway/
Everybody remembers me with blonde hair,1167,91,2020-03-25 20:30:58,2020,https://www.reddit.com/r/Glitch_in_the_Matrix/comments/fowink/everybody_remembers_me_with_blonde_hair/
I’m just an npc 😭,1169,149,2022-01-08 18:19:31,2022,https://www.reddit.com/r/Glitch_in_the_Matrix/comments/rz4sbq/im_just_an_npc/
The Nowhere Road,1167,168,2019-02-26 10:17:40,2019,https://www.reddit.com/r/Glitch_in_the_Matrix/comments/auxgh9/the_nowhere_road/
Dead Coworker glitch,1165,51,2019-07-23 21:35:08,2019,https://www.reddit.com/r/Glitch_in_the_Matrix/comments/cgxaxm/dead_coworker_glitch/
Sometimes I feel like very few will believe I saw the sky rip open and seeing another dimension,1156,216,2020-12-03 12:04:28,2020,https://www.reddit.com/r/Glitch_in_the_Matrix/comments/k5v87j/sometimes_i_feel_like_very_few_will_believe_i_saw/
What the actual fuck just happened,1156,156,2020-08-12 13:56:05,2020,https://www.reddit.com/r/Glitch_in_the_Matrix/comments/i8cdpu/what_the_actual_fuck_just_happened/
I accidentally became someone else's glitch in the matrix,1154,69,2021-01-01 06:52:13,2021,https://www.reddit.com/r/Glitch_in_the_Matrix/comments/ko641r/i_accidentally_became_someone_elses_glitch_in_the/
The book that vanished and reappeared with a message I didn't write.,1147,155,2025-09-19 23:11:26,2025,https://www.reddit.com/r/Glitch_in_the_Matrix/comments/1nlfm79/the_book_that_vanished_and_reappeared_with_a/
Unhinged ,1152,260,2024-03-04 01:54:22,2024,https://www.reddit.com/r/Glitch_in_the_Matrix/comments/1b5xiy3/unhinged/
I threw my cat out of the room but she was behind me,1146,132,2020-08-19 15:58:41,2020,https://www.reddit.com/r/Glitch_in_the_Matrix/comments/ico4ly/i_threw_my_cat_out_of_the_room_but_she_was_behind/
I may have glitched into a secret dimension..,1149,161,2022-05-16 16:25:24,2022,https://www.reddit.com/r/Glitch_in_the_Matrix/comments/uqx6la/i_may_have_glitched_into_a_secret_dimension/
I know what I saw,1144,69,2020-03-11 04:00:14,2020,https://www.reddit.com/r/Glitch_in_the_Matrix/comments/fgqdqf/i_know_what_i_saw/
I found my lost debit card in the wall.,1140,111,2022-06-27 23:17:36,2022,https://www.reddit.com/r/Glitch_in_the_Matrix/comments/vm60i7/i_found_my_lost_debit_card_in_the_wall/
I was the doppleganger,1133,121,2020-11-02 04:31:30,2020,https://www.reddit.com/r/Glitch_in_the_Matrix/comments/jmg8vl/i_was_the_doppleganger/
My favorite coffee cup multiplied,1133,184,2020-06-10 22:15:12,2020,https://www.reddit.com/r/Glitch_in_the_Matrix/comments/h0j5xa/my_favorite_coffee_cup_multiplied/
Knife appearing in our bed then again in a new house,1132,158,2020-06-07 02:24:31,2020,https://www.reddit.com/r/Glitch_in_the_Matrix/comments/gy2b7z/knife_appearing_in_our_bed_then_again_in_a_new/
My computer gets jealous of my dog.,1129,184,2021-08-12 00:53:49,2021,https://www.reddit.com/r/Glitch_in_the_Matrix/comments/p2o8uk/my_computer_gets_jealous_of_my_dog/
Best glitch ever,1130,59,2020-11-25 16:17:48,2020,https://www.reddit.com/r/Glitch_in_the_Matrix/comments/k0tz5c/best_glitch_ever/
My dad predicted a strangers private info at a party,1125,123,2020-04-19 09:56:28,2020,https://www.reddit.com/r/Glitch_in_the_Matrix/comments/g43vn9/my_dad_predicted_a_strangers_private_info_at_a/
"I may have died today, in another timeline or something . I slipped and fell off my icy roof head first, but when I blinked I somehow gently landed on my feet like it was nothing.",1126,127,2021-12-19 03:27:24,2021,https://www.reddit.com/r/Glitch_in_the_Matrix/comments/rjmnqh/i_may_have_died_today_in_another_timeline_or/
Total strangers seemed to know my wife and I at a hotel in Canada,1125,138,2021-02-15 00:20:57,2021,https://www.reddit.com/r/Glitch_in_the_Matrix/comments/lk017s/total_strangers_seemed_to_know_my_wife_and_i_at_a/
Disappearing Friend: did we jump into another dimension or an alternate time line?,1115,103,2020-07-09 14:19:21,2020,https://www.reddit.com/r/Glitch_in_the_Matrix/comments/ho235a/disappearing_friend_did_we_jump_into_another/
The universe rectified its mistake within minutes?,1120,50,2025-03-13 03:10:29,2025,https://www.reddit.com/r/Glitch_in_the_Matrix/comments/1ja1g3a/the_universe_rectified_its_mistake_within_minutes/
I think my cat who died last October reincarnated and came back to me,1119,288,2023-10-13 21:37:42,2023,https://www.reddit.com/r/Glitch_in_the_Matrix/comments/1776ths/i_think_my_cat_who_died_last_october_reincarnated/
"I work at a popular sandwich shop, and I think I may have made a sandwich for a paranormal entity/time traveler/matrix glitcher.",1107,173,2014-11-13 21:51:38,2014,https://www.reddit.com/r/Glitch_in_the_Matrix/comments/2m7rie/i_work_at_a_popular_sandwich_shop_and_i_think_i/
Died on the Corner,1111,361,2012-10-09 05:36:25,2012,https://www.reddit.com/r/Glitch_in_the_Matrix/comments/116f9d/died_on_the_corner/
It's truly a small world after all: The most ridiculously coincidental moment of my life,1103,95,2017-01-23 23:15:15,2017,https://www.reddit.com/r/Glitch_in_the_Matrix/comments/5ps3oi/its_truly_a_small_world_after_all_the_most/
"My husband came home, but he didn’t.",1106,143,2022-11-08 01:14:04,2022,https://www.reddit.com/r/Glitch_in_the_Matrix/comments/yp5ncs/my_husband_came_home_but_he_didnt/
I lost 6 hours that I can't find any logical explanation for. It haunts me and I need serious answers.,1109,392,2018-12-05 07:20:32,2018,https://www.reddit.com/r/Glitch_in_the_Matrix/comments/a39ml2/i_lost_6_hours_that_i_cant_find_any_logical/
I was severely injured in a wreck...but I wasn’t.,1104,144,2018-05-16 05:38:23,2018,https://www.reddit.com/r/Glitch_in_the_Matrix/comments/8jrwcv/i_was_severely_injured_in_a_wreckbut_i_wasnt/
UPDATE: My Whole Life is Different and No One Believes Me,1105,265,2020-02-24 20:01:00,2020,https://www.reddit.com/r/Glitch_in_the_Matrix/comments/f8w5b4/update_my_whole_life_is_different_and_no_one/
Only a Matrix Glitch can Explain This,1101,121,2021-04-28 12:00:51,2021,https://www.reddit.com/r/Glitch_in_the_Matrix/comments/n0bf3b/only_a_matrix_glitch_can_explain_this/
Ring from alternate timeline appeared in my dryer?,1099,170,2022-04-28 19:36:55,2022,https://www.reddit.com/r/Glitch_in_the_Matrix/comments/ue0k1r/ring_from_alternate_timeline_appeared_in_my_dryer/
Me and My Friend Saw the Moon explode and be put together again.,1093,339,2022-08-16 18:53:14,2022,https://www.reddit.com/r/Glitch_in_the_Matrix/comments/wpzcac/me_and_my_friend_saw_the_moon_explode_and_be_put/
My neighbors never existed?,1095,238,2019-07-07 16:00:03,2019,https://www.reddit.com/r/Glitch_in_the_Matrix/comments/ca7449/my_neighbors_never_existed/
Awoke in a world where covid doesn't exist?,1088,639,2021-10-22 08:00:03,2021,https://www.reddit.com/r/Glitch_in_the_Matrix/comments/qdainf/awoke_in_a_world_where_covid_doesnt_exist/
Doppelganger?,1090,206,2021-06-12 22:07:19,2021,https://www.reddit.com/r/Glitch_in_the_Matrix/comments/nyf740/doppelganger/
I believe that I died two days ago,1095,274,2019-04-26 13:20:49,2019,https://www.reddit.com/r/Glitch_in_the_Matrix/comments/bhl6a3/i_believe_that_i_died_two_days_ago/
"Cat falls 22 stories to its death. Soon afterwards, it saunters out of the bedroom like nothing happened.",1084,148,2022-08-06 20:58:38,2022,https://www.reddit.com/r/Glitch_in_the_Matrix/comments/whvjg7/cat_falls_22_stories_to_its_death_soon_afterwards/
I ate a piece of bread that didn't exist ,1090,66,2025-01-17 17:30:36,2025,https://www.reddit.com/r/Glitch_in_the_Matrix/comments/1i3kap4/i_ate_a_piece_of_bread_that_didnt_exist/
My seat was empty when I saw the photo that had just been taken of my friends and I.,1076,98,2020-06-18 22:55:47,2020,https://www.reddit.com/r/Glitch_in_the_Matrix/comments/hbmttm/my_seat_was_empty_when_i_saw_the_photo_that_had/
I gave my dad an important tie clip last night at a wedding and I woke up to that same tie clip next to me on my phone. I sent him a picture and he showed me his. I now have two.,1079,72,2022-10-15 19:39:15,2022,https://www.reddit.com/r/Glitch_in_the_Matrix/comments/y4tw3p/i_gave_my_dad_an_important_tie_clip_last_night_at/
I think I died in April,1080,185,2020-09-03 19:09:43,2020,https://www.reddit.com/r/Glitch_in_the_Matrix/comments/ilxllr/i_think_i_died_in_april/
I think I visited a gas station in the future/an alternate universe,1075,136,2025-10-14 22:54:33,2025,https://www.reddit.com/r/Glitch_in_the_Matrix/comments/1o6rhfd/i_think_i_visited_a_gas_station_in_the_futurean/
The call,1078,92,2020-06-29 16:52:06,2020,https://www.reddit.com/r/Glitch_in_the_Matrix/comments/hi1989/the_call/
Heard a woman's voice in my head that saved my life,1071,156,2020-12-22 06:19:29,2020,https://www.reddit.com/r/Glitch_in_the_Matrix/comments/khyudq/heard_a_womans_voice_in_my_head_that_saved_my_life/
Accidentally stumbled into a creepy seemingly ghost town. Still cannot find it to this day.,1075,106,2020-05-30 16:00:00,2020,https://www.reddit.com/r/Glitch_in_the_Matrix/comments/gteqad/accidentally_stumbled_into_a_creepy_seemingly/
Does anyone feel like the last few days took a few weeks?,1071,196,2020-04-05 05:03:05,2020,https://www.reddit.com/r/Glitch_in_the_Matrix/comments/fv6r7v/does_anyone_feel_like_the_last_few_days_took_a/
My strangest moment: a timeline jump from when I died,1067,135,2022-12-19 05:19:19,2022,https://www.reddit.com/r/Glitch_in_the_Matrix/comments/zphoxu/my_strangest_moment_a_timeline_jump_from_when_i/
Who or what did I speak to in my garden,1072,174,2020-08-03 10:34:03,2020,https://www.reddit.com/r/Glitch_in_the_Matrix/comments/i2tffg/who_or_what_did_i_speak_to_in_my_garden/
I promise this actually happened...,1067,115,2020-04-21 18:50:42,2020,https://www.reddit.com/r/Glitch_in_the_Matrix/comments/g5itpi/i_promise_this_actually_happened/
"Returned mail had a scary, inexplicable address",1069,78,2020-12-28 05:42:43,2020,https://www.reddit.com/r/Glitch_in_the_Matrix/comments/kljein/returned_mail_had_a_scary_inexplicable_address/
My son and I blacked out or glitched at the same time??,1068,172,2021-04-12 19:23:36,2021,https://www.reddit.com/r/Glitch_in_the_Matrix/comments/mpinsj/my_son_and_i_blacked_out_or_glitched_at_the_same/
My Cat Reappeared behind our couch after Six Months being lost,1064,194,2024-09-01 22:12:41,2024,https://www.reddit.com/r/Glitch_in_the_Matrix/comments/1f6nwfx/my_cat_reappeared_behind_our_couch_after_six/
I have no doubt now,1067,151,2020-10-20 15:38:55,2020,https://www.reddit.com/r/Glitch_in_the_Matrix/comments/jepnms/i_have_no_doubt_now/
my great great grandparents went into an alternate dimension,1063,76,2020-08-13 05:10:43,2020,https://www.reddit.com/r/Glitch_in_the_Matrix/comments/i8sad6/my_great_great_grandparents_went_into_an/
[META] Near Death Experience Glitch Reveals Fundamental Nature of Reality,1059,177,2017-03-22 02:39:48,2017,https://www.reddit.com/r/Glitch_in_the_Matrix/comments/60rtm5/meta_near_death_experience_glitch_reveals/
"Spoke fluent Spanish in my sleep, don't know Spanish at all",1059,119,2022-07-10 21:17:22,2022,https://www.reddit.com/r/Glitch_in_the_Matrix/comments/vvys2f/spoke_fluent_spanish_in_my_sleep_dont_know/
When you go to an empty place and minutes later it's full of people,1058,188,2020-05-04 17:12:42,2020,https://www.reddit.com/r/Glitch_in_the_Matrix/comments/gddcqn/when_you_go_to_an_empty_place_and_minutes_later/
Weirdest day of my life,1052,186,2022-10-12 07:17:53,2022,https://www.reddit.com/r/Glitch_in_the_Matrix/comments/y1v0ph/weirdest_day_of_my_life/
Water fell on my face while I was browsing my phone in bed,1054,173,2024-12-09 19:17:42,2024,https://www.reddit.com/r/Glitch_in_the_Matrix/comments/1hagb20/water_fell_on_my_face_while_i_was_browsing_my/
Son who hadn't been born yet,1058,34,2019-08-05 07:06:33,2019,https://www.reddit.com/r/Glitch_in_the_Matrix/comments/cm6o87/son_who_hadnt_been_born_yet/
2021 is weird,1052,93,2021-01-03 14:28:32,2021,https://www.reddit.com/r/Glitch_in_the_Matrix/comments/kpkm9d/2021_is_weird/
"That's odd, I should have died by now...",1045,100,2020-11-08 14:10:45,2020,https://www.reddit.com/r/Glitch_in_the_Matrix/comments/jqbh3r/thats_odd_i_should_have_died_by_now/
This last July,1048,107,2020-10-01 19:31:58,2020,https://www.reddit.com/r/Glitch_in_the_Matrix/comments/j3d6bu/this_last_july/
An odd encounter I haven’t stopped thinking about in 10 years,1043,156,2025-12-18 05:15:19,2025,https://www.reddit.com/r/Glitch_in_the_Matrix/comments/1pphigb/an_odd_encounter_i_havent_stopped_thinking_about/
I understood another language,1050,93,2020-04-18 16:10:47,2020,https://www.reddit.com/r/Glitch_in_the_Matrix/comments/g3o3nx/i_understood_another_language/
"A woman drove me home thinking I held a sign, I only thought of, asking for a ride.",1042,61,2019-04-14 22:47:08,2019,https://www.reddit.com/r/Glitch_in_the_Matrix/comments/bd7dt8/a_woman_drove_me_home_thinking_i_held_a_sign_i/
Baby under bed. ,1049,190,2024-04-19 00:06:42,2024,https://www.reddit.com/r/Glitch_in_the_Matrix/comments/1c7g4i8/baby_under_bed/
GLITCH RESOLVED: In which an entire church vanishes,1046,35,2019-07-31 03:51:15,2019,https://www.reddit.com/r/Glitch_in_the_Matrix/comments/ck1oez/glitch_resolved_in_which_an_entire_church_vanishes/
Stuck in a loop.,1045,229,2021-05-16 23:42:20,2021,https://www.reddit.com/r/Glitch_in_the_Matrix/comments/ndyqtn/stuck_in_a_loop/
Phantom Husband,1045,140,2021-10-15 17:05:00,2021,https://www.reddit.com/r/Glitch_in_the_Matrix/comments/q8qbzn/phantom_husband/
Came across a possible time traveler the other day.,1035,130,2019-09-05 07:12:40,2019,https://www.reddit.com/r/Glitch_in_the_Matrix/comments/czwetf/came_across_a_possible_time_traveler_the_other_day/
"Met my best friend, except I never even knew the guy in the first place and will probably never see him again.",1035,72,2021-04-29 11:10:46,2021,https://www.reddit.com/r/Glitch_in_the_Matrix/comments/n10haq/met_my_best_friend_except_i_never_even_knew_the/
"I pulled a stupid traffic maneuver, and I’m not sure if we survived",1031,184,2020-11-29 04:07:02,2020,https://www.reddit.com/r/Glitch_in_the_Matrix/comments/k31scl/i_pulled_a_stupid_traffic_maneuver_and_im_not/
All my students experienced it too.,1033,152,2020-03-09 04:29:58,2020,https://www.reddit.com/r/Glitch_in_the_Matrix/comments/ffoifv/all_my_students_experienced_it_too/
My dinner i worked on for like half an just disappeared,1030,202,2019-06-13 02:24:23,2019,https://www.reddit.com/r/Glitch_in_the_Matrix/comments/bzyyim/my_dinner_i_worked_on_for_like_half_an_just/
"My boss was telling a story one day about this guy he knew, but he was struggling to remember the guy’s last name. For no reason, I blurted out a name — an unusual, Italian-sounding name — and I was right! My boss had never mentioned him before and was stunned. It was just the strangest thing.",1029,71,2019-07-26 02:34:42,2019,https://www.reddit.com/r/Glitch_in_the_Matrix/comments/chvwud/my_boss_was_telling_a_story_one_day_about_this/
Customer saw huge scratch on my arm before it even happened to me?!,1028,72,2019-06-06 09:07:47,2019,https://www.reddit.com/r/Glitch_in_the_Matrix/comments/bxdpwj/customer_saw_huge_scratch_on_my_arm_before_it/
My daughter took a bite out of her toasted bread and when she went to take 2nd bite there was no missing toast,1022,80,2024-09-20 12:33:06,2024,https://www.reddit.com/r/Glitch_in_the_Matrix/comments/1fl8thg/my_daughter_took_a_bite_out_of_her_toasted_bread/
They spoke Russian; I heard English,1028,146,2021-09-03 08:18:56,2021,https://www.reddit.com/r/Glitch_in_the_Matrix/comments/pgzhy0/they_spoke_russian_i_heard_english/
"I knew a customers name and drink order, but I had never met him before.",1015,94,2020-02-25 07:34:15,2020,https://www.reddit.com/r/Glitch_in_the_Matrix/comments/f962q7/i_knew_a_customers_name_and_drink_order_but_i_had/
Girlfriend and I may have run into our future selves at the grocery store,1021,131,2017-07-09 18:50:58,2017,https://www.reddit.com/r/Glitch_in_the_Matrix/comments/6m8h3g/girlfriend_and_i_may_have_run_into_our_future/
We all saw my husband before he was home,1018,116,2020-04-20 03:33:04,2020,https://www.reddit.com/r/Glitch_in_the_Matrix/comments/g4jqzk/we_all_saw_my_husband_before_he_was_home/
A glitchy guy at the doctor's office,1013,158,2018-11-12 14:49:49,2018,https://www.reddit.com/r/Glitch_in_the_Matrix/comments/9we5oz/a_glitchy_guy_at_the_doctors_office/
The weirdest thing that’s ever happened to me,1010,119,2022-01-21 04:54:13,2022,https://www.reddit.com/r/Glitch_in_the_Matrix/comments/s91dy1/the_weirdest_thing_thats_ever_happened_to_me/
A glitch of my mom and myself,1009,80,2020-03-20 13:36:05,2020,https://www.reddit.com/r/Glitch_in_the_Matrix/comments/fluar2/a_glitch_of_my_mom_and_myself/
Before we called in a food order we changed our minds. When we got the food the old orders were written on the containers and corrected with the new ones. Except we never mentioned the old orders to the restaurant.,1015,86,2022-01-18 20:58:13,2022,https://www.reddit.com/r/Glitch_in_the_Matrix/comments/s76arn/before_we_called_in_a_food_order_we_changed_our/
"Saw myself in a crib, completing a memory I’ve had my entire life.",1013,18,2018-05-31 08:39:04,2018,https://www.reddit.com/r/Glitch_in_the_Matrix/comments/8ng8sv/saw_myself_in_a_crib_completing_a_memory_ive_had/
Future self saved past self?,1005,152,2021-01-08 00:24:11,2021,https://www.reddit.com/r/Glitch_in_the_Matrix/comments/kspnsb/future_self_saved_past_self/
I thought there were subtitles,1007,92,2020-05-02 14:23:45,2020,https://www.reddit.com/r/Glitch_in_the_Matrix/comments/gc5l2c/i_thought_there_were_subtitles/
Ordering at McDonald's,1008,142,2023-11-28 18:39:12,2023,https://www.reddit.com/r/Glitch_in_the_Matrix/comments/1861qwl/ordering_at_mcdonalds/
Where ARE you?,1005,140,2021-07-13 05:17:56,2021,https://www.reddit.com/r/Glitch_in_the_Matrix/comments/oj72n6/where_are_you/
I think I glitched into another dimension a week ago.,1009,177,2021-01-20 20:11:19,2021,https://www.reddit.com/r/Glitch_in_the_Matrix/comments/l1g362/i_think_i_glitched_into_another_dimension_a_week/
My dad did the dishes from 3 hours away.,1009,96,2021-06-15 05:54:49,2021,https://www.reddit.com/r/Glitch_in_the_Matrix/comments/o052sh/my_dad_did_the_dishes_from_3_hours_away/
Something strange happened when my daughter came home from school,1004,129,2026-01-17 23:36:16,2026,https://www.reddit.com/r/Glitch_in_the_Matrix/comments/1qfr24u/something_strange_happened_when_my_daughter_came/
I lost several hours of my day buying milk,1005,118,2021-02-04 17:05:22,2021,https://www.reddit.com/r/Glitch_in_the_Matrix/comments/lcix2v/i_lost_several_hours_of_my_day_buying_milk/
Old Greg even in death,1006,69,2021-05-24 11:11:43,2021,https://www.reddit.com/r/Glitch_in_the_Matrix/comments/njtmg6/old_greg_even_in_death/
we just lost time,1004,124,2019-12-19 07:21:44,2019,https://www.reddit.com/r/Glitch_in_the_Matrix/comments/ecpaz5/we_just_lost_time/
I saw myself ,993,83,2024-06-15 02:12:00,2024,https://www.reddit.com/r/Glitch_in_the_Matrix/comments/1dg58ec/i_saw_myself/
"Does anyone else feel like they've noticed strange things before, but your brain chooses to ignore it?",996,196,2020-05-24 20:04:38,2020,https://www.reddit.com/r/Glitch_in_the_Matrix/comments/gpu9ah/does_anyone_else_feel_like_theyve_noticed_strange/
I wrote down something hours before it was said to me,997,67,2021-04-20 14:49:07,2021,https://www.reddit.com/r/Glitch_in_the_Matrix/comments/mupjwe/i_wrote_down_something_hours_before_it_was_said/
I am 200% sure that my cousin had a miscarriage but today I went to a family gathering and the baby was there.,993,128,2020-07-09 01:24:48,2020,https://www.reddit.com/r/Glitch_in_the_Matrix/comments/hns14m/i_am_200_sure_that_my_cousin_had_a_miscarriage/
Where are the Moderators?,989,141,2020-02-03 05:17:07,2020,https://www.reddit.com/r/Glitch_in_the_Matrix/comments/ey191a/where_are_the_moderators/
Glitch at the Hospital,991,95,2021-12-27 21:36:55,2021,https://www.reddit.com/r/Glitch_in_the_Matrix/comments/rpwp4b/glitch_at_the_hospital/
Does anyone remember becoming aware of yourself when you were really young?,989,399,2018-09-25 11:15:16,2018,https://www.reddit.com/r/Glitch_in_the_Matrix/comments/9iqlir/does_anyone_remember_becoming_aware_of_yourself/
Somebody listened to my inner monologue. And replied.,991,127,2021-05-17 21:28:01,2021,https://www.reddit.com/r/Glitch_in_the_Matrix/comments/nepe9s/somebody_listened_to_my_inner_monologue_and/
My cheese faded while I was eating It. I haven't found it yet.,986,148,2020-06-08 05:28:55,2020,https://www.reddit.com/r/Glitch_in_the_Matrix/comments/gyr2bx/my_cheese_faded_while_i_was_eating_it_i_havent/
I think I lagged irl this morning and I can't stop thinking about it.,977,142,2021-02-26 20:01:56,2021,https://www.reddit.com/r/Glitch_in_the_Matrix/comments/lt528p/i_think_i_lagged_irl_this_morning_and_i_cant_stop/
Glitch in the self check-out,985,133,2020-05-24 03:30:18,2020,https://www.reddit.com/r/Glitch_in_the_Matrix/comments/gpgxtz/glitch_in_the_self_checkout/
What’s your glitch story that’s mundane enough to not warrant its own post but you find unsettling nonetheless?,978,668,2019-11-10 16:39:49,2019,https://www.reddit.com/r/Glitch_in_the_Matrix/comments/ducy37/whats_your_glitch_story_thats_mundane_enough_to/
Glitch In the Matrix or Coincidence Prevented my brothers death.,981,69,2019-12-02 22:20:41,2019,https://www.reddit.com/r/Glitch_in_the_Matrix/comments/e55qpc/glitch_in_the_matrix_or_coincidence_prevented_my/
"I literally just expierienced a glitch in the matrix, pardon my bad language or typing, this just happened #glitch #anotherdimension",980,222,2020-10-01 06:56:09,2020,https://www.reddit.com/r/Glitch_in_the_Matrix/comments/j325hh/i_literally_just_expierienced_a_glitch_in_the/
Ordered and ate biscuits and gravy from McDonald's found out a week later that they've never had them at that location.,979,258,2022-06-23 02:26:21,2022,https://www.reddit.com/r/Glitch_in_the_Matrix/comments/vijs7r/ordered_and_ate_biscuits_and_gravy_from_mcdonalds/
The Time I Ended Up In A Town That Doesn't Exist,980,246,2022-02-18 05:22:17,2022,https://www.reddit.com/r/Glitch_in_the_Matrix/comments/sv8rg9/the_time_i_ended_up_in_a_town_that_doesnt_exist/
"Im the wife that ""switched realities"" in the grocery store that must be going ""insane""",980,218,2021-12-02 18:18:50,2021,https://www.reddit.com/r/Glitch_in_the_Matrix/comments/r7cads/im_the_wife_that_switched_realities_in_the/
"I bought an album, turns out it never existed and now it’s gone.",972,84,2020-02-09 18:19:47,2020,https://www.reddit.com/r/Glitch_in_the_Matrix/comments/f1bovl/i_bought_an_album_turns_out_it_never_existed_and/
my cousin came to visit but something was wrong with her,972,108,2023-02-02 07:35:56,2023,https://www.reddit.com/r/Glitch_in_the_Matrix/comments/10rj3c0/my_cousin_came_to_visit_but_something_was_wrong/
Daughter appeared in my locked room,975,89,2025-02-20 02:29:35,2025,https://www.reddit.com/r/Glitch_in_the_Matrix/comments/1itmm8o/daughter_appeared_in_my_locked_room/
"Today, my husband and I became invisible to each other.",973,120,2024-09-24 05:43:11,2024,https://www.reddit.com/r/Glitch_in_the_Matrix/comments/1fo3i29/today_my_husband_and_i_became_invisible_to_each/
Earth’s map loaded incorrectly,975,104,2020-03-06 20:11:00,2020,https://www.reddit.com/r/Glitch_in_the_Matrix/comments/feifv0/earths_map_loaded_incorrectly/
My cousin's wedding reunites me with a man who apparently can't stop helping my family,976,97,2014-05-04 17:05:14,2014,https://www.reddit.com/r/Glitch_in_the_Matrix/comments/24p317/my_cousins_wedding_reunites_me_with_a_man_who/
I just saw my husband walk outside to the middle of the yard but he was actually in bed the whole time. Asleep.,972,172,2025-03-17 02:49:59,2025,https://www.reddit.com/r/Glitch_in_the_Matrix/comments/1jd1pi1/i_just_saw_my_husband_walk_outside_to_the_middle/
I think my mom and I can see alternate realities,973,88,2019-09-30 23:28:13,2019,https://www.reddit.com/r/Glitch_in_the_Matrix/comments/dbimdg/i_think_my_mom_and_i_can_see_alternate_realities/
Did we die?,970,158,2025-12-26 16:31:02,2025,https://www.reddit.com/r/Glitch_in_the_Matrix/comments/1pw6xw2/did_we_die/
Can someone tell me what the fuck might have happened ?,965,247,2018-04-19 00:31:58,2018,https://www.reddit.com/r/Glitch_in_the_Matrix/comments/8d9t58/can_someone_tell_me_what_the_fuck_might_have/
How a glitch in the matrix saved my parents lives.,966,69,2018-02-14 00:46:34,2018,https://www.reddit.com/r/Glitch_in_the_Matrix/comments/7xdsfb/how_a_glitch_in_the_matrix_saved_my_parents_lives/
I met my latest crush a few days after creating him as my Sim husband 🙃,968,194,2021-04-18 14:59:07,2021,https://www.reddit.com/r/Glitch_in_the_Matrix/comments/mtccyn/i_met_my_latest_crush_a_few_days_after_creating/
We saw a… dinosaur?,963,330,2022-08-27 11:08:00,2022,https://www.reddit.com/r/Glitch_in_the_Matrix/comments/wyy7gt/we_saw_a_dinosaur/
"I was hyper focused on a task, and my mind went into a sort of meditative state. I “overheard” a two men conversing in mandarin, understood what they were saying, and was RIGHT when I looked it up. It’s happened a few times...",966,102,2021-02-06 14:50:24,2021,https://www.reddit.com/r/Glitch_in_the_Matrix/comments/ldxzo7/i_was_hyper_focused_on_a_task_and_my_mind_went/
I died and started again on an alternate universe.,963,136,2020-04-04 08:30:16,2020,https://www.reddit.com/r/Glitch_in_the_Matrix/comments/fuos6z/i_died_and_started_again_on_an_alternate_universe/
"Somethings changed, I don’t know what",960,117,2020-05-13 04:00:04,2020,https://www.reddit.com/r/Glitch_in_the_Matrix/comments/gipm5i/somethings_changed_i_dont_know_what/
E-mail app glitch sent an email from the beyond,967,31,2020-01-26 16:53:30,2020,https://www.reddit.com/r/Glitch_in_the_Matrix/comments/eu8csp/email_app_glitch_sent_an_email_from_the_beyond/
i thought my neighbor has been dead for 5 years,965,84,2020-12-07 20:08:05,2020,https://www.reddit.com/r/Glitch_in_the_Matrix/comments/k8n3o2/i_thought_my_neighbor_has_been_dead_for_5_years/
"When I showed up to my grandma's for Thanksgiving, and I'm somehow still at home.",967,139,2020-06-30 05:10:50,2020,https://www.reddit.com/r/Glitch_in_the_Matrix/comments/hif3f9/when_i_showed_up_to_my_grandmas_for_thanksgiving/
"Girl disappears behind tree, both my dog and I notice",955,145,2020-11-28 06:08:56,2020,https://www.reddit.com/r/Glitch_in_the_Matrix/comments/k2hs22/girl_disappears_behind_tree_both_my_dog_and_i/
My cashier had no ideea what I was talking about,952,144,2020-04-25 11:11:54,2020,https://www.reddit.com/r/Glitch_in_the_Matrix/comments/g7qlyg/my_cashier_had_no_ideea_what_i_was_talking_about/
There’s a song I used to like when I was in high school.,956,69,2021-08-24 18:16:03,2021,https://www.reddit.com/r/Glitch_in_the_Matrix/comments/paqioa/theres_a_song_i_used_to_like_when_i_was_in_high/
My Dog still visits me 1.5 years after his death,949,105,2023-04-15 00:40:42,2023,https://www.reddit.com/r/Glitch_in_the_Matrix/comments/12mgd7z/my_dog_still_visits_me_15_years_after_his_death/
"A bracelet gifted to my daughter breaks… reappears…. With a second, identical (also broken) bracelet.",953,86,2021-08-09 18:39:29,2021,https://www.reddit.com/r/Glitch_in_the_Matrix/comments/p154e0/a_bracelet_gifted_to_my_daughter_breaks_reappears/
Friends House Disappeared,957,135,2020-11-07 16:32:23,2020,https://www.reddit.com/r/Glitch_in_the_Matrix/comments/jpsr7e/friends_house_disappeared/
Glitch at JCPenny’s,956,271,2020-12-23 18:16:10,2020,https://www.reddit.com/r/Glitch_in_the_Matrix/comments/kix0nz/glitch_at_jcpennys/
A family tradition... That I've never heard of?,955,69,2019-12-24 22:47:24,2019,https://www.reddit.com/r/Glitch_in_the_Matrix/comments/ef7lma/a_family_tradition_that_ive_never_heard_of/
I heard myself replying to something someone never said to me.,946,113,2020-10-22 18:12:20,2020,https://www.reddit.com/r/Glitch_in_the_Matrix/comments/jg2mi1/i_heard_myself_replying_to_something_someone/
I think I’m living in a parallel universe,947,140,2020-02-28 20:10:06,2020,https://www.reddit.com/r/Glitch_in_the_Matrix/comments/fazuca/i_think_im_living_in_a_parallel_universe/
Woke up while I was walking and talking to someone. Almost 3 days of lost time.,949,170,2019-07-13 09:51:42,2019,https://www.reddit.com/r/Glitch_in_the_Matrix/comments/ccmsji/woke_up_while_i_was_walking_and_talking_to/
The dress,943,74,2021-08-18 14:31:23,2021,https://www.reddit.com/r/Glitch_in_the_Matrix/comments/p6q75j/the_dress/
Anyone Else Feeling Strange?,946,391,2020-04-28 18:04:34,2020,https://www.reddit.com/r/Glitch_in_the_Matrix/comments/g9pxiz/anyone_else_feeling_strange/
My sister and I have the same memory..,946,76,2019-03-17 01:05:58,2019,https://www.reddit.com/r/Glitch_in_the_Matrix/comments/b1z4rk/my_sister_and_i_have_the_same_memory/
It finally happened to me - at work,943,125,2021-10-25 16:28:10,2021,https://www.reddit.com/r/Glitch_in_the_Matrix/comments/qfhxvb/it_finally_happened_to_me_at_work/
Sudden and short shift into parallel universe.,940,79,2020-10-16 16:52:42,2020,https://www.reddit.com/r/Glitch_in_the_Matrix/comments/jcb7nk/sudden_and_short_shift_into_parallel_universe/
Cubby,941,65,2020-02-02 15:59:41,2020,https://www.reddit.com/r/Glitch_in_the_Matrix/comments/expked/cubby/
Glitch with my brother,946,104,2020-02-12 17:57:07,2020,https://www.reddit.com/r/Glitch_in_the_Matrix/comments/f2u7ia/glitch_with_my_brother/
One of my comments from an Ask Reddit post about the creepiest thing I’ve experienced but can’t explain. Was told I should post it here,944,90,2018-02-11 22:47:33,2018,https://www.reddit.com/r/Glitch_in_the_Matrix/comments/7wvv0x/one_of_my_comments_from_an_ask_reddit_post_about/
Bought a brand new book and took it on a trip with me... only I also left it at home at the same time.,939,127,2021-03-15 03:36:01,2021,https://www.reddit.com/r/Glitch_in_the_Matrix/comments/m5arim/bought_a_brand_new_book_and_took_it_on_a_trip/
I saved my own life 25 years ago,941,47,2018-05-08 15:29:22,2018,https://www.reddit.com/r/Glitch_in_the_Matrix/comments/8hwoj4/i_saved_my_own_life_25_years_ago/
"I live alone and am a very organized person. I had about 8 small forks and 8 large forks. Over the past 2 months the small forks have started disappearing, I am down to 1. How is this possible?",937,367,2021-11-11 02:53:18,2021,https://www.reddit.com/r/Glitch_in_the_Matrix/comments/qra06c/i_live_alone_and_am_a_very_organized_person_i_had/
I Saw My Uncle After He died,936,129,2024-01-13 19:38:13,2024,https://www.reddit.com/r/Glitch_in_the_Matrix/comments/195urku/i_saw_my_uncle_after_he_died/
The Matrix has chosen to Glitch me. This morning something strange happened (Possible parallel Universe colliding with ours)?,938,395,2021-12-11 02:43:31,2021,https://www.reddit.com/r/Glitch_in_the_Matrix/comments/rdogz9/the_matrix_has_chosen_to_glitch_me_this_morning/
I (f22) say things naturally in conversation and it will synch up to whatever I'm watching on TV....,937,166,2020-11-29 19:05:47,2020,https://www.reddit.com/r/Glitch_in_the_Matrix/comments/k3e11a/i_f22_say_things_naturally_in_conversation_and_it/
Kids claim glitch,937,101,2020-03-21 05:55:42,2020,https://www.reddit.com/r/Glitch_in_the_Matrix/comments/fm9oej/kids_claim_glitch/
"Fell in a way that would likely have been lethal, bright flash, then i was in bed?",937,199,2025-08-27 07:41:27,2025,https://www.reddit.com/r/Glitch_in_the_Matrix/comments/1n18txd/fell_in_a_way_that_would_likely_have_been_lethal/
My dead fish appeared back in my tank alive,934,96,2020-08-15 10:55:00,2020,https://www.reddit.com/r/Glitch_in_the_Matrix/comments/ia431g/my_dead_fish_appeared_back_in_my_tank_alive/
Do you ever wonder...,934,174,2020-05-25 09:50:19,2020,https://www.reddit.com/r/Glitch_in_the_Matrix/comments/gq6u4m/do_you_ever_wonder/
Mystery Dinner Guest,931,165,2022-02-02 02:05:25,2022,https://www.reddit.com/r/Glitch_in_the_Matrix/comments/sib53z/mystery_dinner_guest/
"Object disappeared and just reappeared, 4 years later. I have no explanation for this. ",932,235,2024-06-22 07:25:58,2024,https://www.reddit.com/r/Glitch_in_the_Matrix/comments/1dlocfi/object_disappeared_and_just_reappeared_4_years/
"Accidentally got off the elevator on the wrong floor, suddenly I am on the right floor?",931,55,2020-07-25 18:14:34,2020,https://www.reddit.com/r/Glitch_in_the_Matrix/comments/hxpanq/accidentally_got_off_the_elevator_on_the_wrong/
She wasn’t on the bus.,927,80,2020-07-02 19:19:48,2020,https://www.reddit.com/r/Glitch_in_the_Matrix/comments/hk15ba/she_wasnt_on_the_bus/
"My girlfriend came home, except she didn't?",927,97,2025-07-25 09:04:38,2025,https://www.reddit.com/r/Glitch_in_the_Matrix/comments/1m8sh5d/my_girlfriend_came_home_except_she_didnt/
I found my old class schedule written in a notebook I just bought.,927,83,2021-02-23 17:17:00,2021,https://www.reddit.com/r/Glitch_in_the_Matrix/comments/lqm59b/i_found_my_old_class_schedule_written_in_a/
Long-time sub follower and just experienced my first glitch. I’m a believer.,926,124,2022-09-06 00:12:43,2022,https://www.reddit.com/r/Glitch_in_the_Matrix/comments/x6sxry/longtime_sub_follower_and_just_experienced_my/
Glitch in Matrix Saved My Life,925,82,2020-09-01 04:27:40,2020,https://www.reddit.com/r/Glitch_in_the_Matrix/comments/ikbznj/glitch_in_matrix_saved_my_life/
I think I died in a bus crash.,923,143,2026-02-15 08:35:44,2026,https://www.reddit.com/r/Glitch_in_the_Matrix/comments/1r58me2/i_think_i_died_in_a_bus_crash/
"""I"" think I died 3 years ago. Everything is unfamiliar, memories are non-existent.",924,167,2020-11-19 22:27:09,2020,https://www.reddit.com/r/Glitch_in_the_Matrix/comments/jxbol6/i_think_i_died_3_years_ago_everything_is/
The Sun Blinked,926,134,2019-09-13 15:10:44,2019,https://www.reddit.com/r/Glitch_in_the_Matrix/comments/d3p1l8/the_sun_blinked/
Dead dad’s belongings showing up in sealed containers,918,63,2021-08-20 19:05:32,2021,https://www.reddit.com/r/Glitch_in_the_Matrix/comments/p89f0e/dead_dads_belongings_showing_up_in_sealed/
My wife spoke Norwegian. She only knows English.,920,242,2022-03-30 17:16:56,2022,https://www.reddit.com/r/Glitch_in_the_Matrix/comments/ts8qjy/my_wife_spoke_norwegian_she_only_knows_english/
I saw myself. Glitch or doppelganger?,919,214,2020-09-02 16:54:40,2020,https://www.reddit.com/r/Glitch_in_the_Matrix/comments/il8a5u/i_saw_myself_glitch_or_doppelganger/
I went missing for 2hours at my intern workplace.,916,139,2021-09-15 13:37:02,2021,https://www.reddit.com/r/Glitch_in_the_Matrix/comments/poodes/i_went_missing_for_2hours_at_my_intern_workplace/
The Staring Family,920,135,2021-03-25 02:06:35,2021,https://www.reddit.com/r/Glitch_in_the_Matrix/comments/mcm05b/the_staring_family/
