titulo,canal,fecha,año,vistas,likes,comentarios,query
Film Theory: The Matrix has NO ESCAPE,The Film Theorists,2015-10-09,2015,9481451,195653,19366,red pill conspiracy matrix
Blue Pill or Red Pill - The Matrix (2/9) Movie CLIP (1999) HD,Movieclips,2011-05-27,2011,5851181,70140,7186,red pill conspiracy matrix
Scientific Proof David Icke Was Right About the Reptilians?,Red Pill Philosophy,2013-12-12,2013,2778943,17120,6964,red pill conspiracy matrix
Red Pill or Blue Pill? Why The Matrix Matters,Russell Brand,2021-09-17,2021,399403,27121,4655,red pill conspiracy matrix
Take the BLUE pill or the RED pill? 😎,StarTalk,2025-04-01,2025,281082,12638,357,red pill conspiracy matrix
The Red Pill & Blue Pill Finally Explained! | MATRIX EXPLAINED,Matrix Explained,2020-06-02,2020,166484,3479,555,red pill conspiracy matrix
"Red Pill vs Blue Bill, White Pill vs Black Pill | Michael Malice and Lex Fridman",Lex Clips,2021-01-01,2021,97427,2453,265,red pill conspiracy matrix
Sideed Uga Bixi Xerada - Matrix-ka - ? Waa Maxay Falsafada Red Pill |,OGAANSHO,2023-08-14,2023,93011,7391,384,red pill conspiracy matrix
What is the red pill community?,Jim Brillon - California Licensed Therapist,2023-05-02,2023,109041,2793,944,red pill conspiracy matrix
David Icke Exposes The Matrix,FarFromDanK,2009-04-22,2009,57737,249,106,red pill conspiracy matrix
The red pill pipeline is 'a cult' - here’s how I escaped,The Guardian,2025-10-22,2025,51654,3079,207,red pill conspiracy matrix
The Origin of The Matrix and Red Pill Terminology,Cult Of Black Phillip,2025-06-19,2025,56672,2024,128,red pill conspiracy matrix
The Red Pill is a Lie! | MATRIX EXPLAINED,Matrix Explained,2020-08-15,2020,31689,1366,255,red pill conspiracy matrix
Red Pill Reality: The Matrix Neo Costume Conspiracy,Cinema Relics,2025-08-03,2025,11436,456,53,red pill conspiracy matrix
🔴 Manosphere Paranoia | The Red Pill Conspiracy Theorist,Bobby on life,2020-03-01,2020,9577,852,237,red pill conspiracy matrix
Sergey Nazarov would take the red pill in the matrix | Lex Fridman Podcast Clips,Lex Clips,2021-05-04,2021,7803,202,28,red pill conspiracy matrix
🚨 BREAKING: Donald Trump Confirms the Conspiracy SuperCycle (Red-Pill Yourself) (Everything CHANGES),🌟yourfriendsommi,2025-09-23,2025,3034,352,24,red pill conspiracy matrix
This Decision Could Change Everything… 😳,Media Shorts,2025-02-19,2025,2486,47,0,red pill conspiracy matrix
2 Dudes. 1 Matrix. Unlimited Glitches,High In The Sky,2025-01-30,2025,2234,118,74,red pill conspiracy matrix
Dr. Red Pill #comedypodcast #drphil #redpill #bluepill #conspiracy #matrix #funny #lol,Bad Comedy! Podcast,2023-06-12,2023,1254,16,0,red pill conspiracy matrix
"Ep. 106: ""Satanic Control Matrix"" With Operation Red Pill",My Third Eye Podcast,2023-04-01,2023,1097,26,4,red pill conspiracy matrix
Red Pill vs. Blue Pill: Which ONE is Right for YOU?,High In The Sky,2025-02-01,2025,994,9,1,red pill conspiracy matrix
Matrix Red Pill Controversy: Does Art Still Have Meaning? #shorts,WorldClassBullshitters,2025-12-04,2025,1667,31,8,red pill conspiracy matrix
5 MUST SEE RED PILL MOVIES THATS NOT MATRIX,Taurus Music,2023-01-03,2023,981,19,7,red pill conspiracy matrix
The Red Pill,I am Donshé,2025-10-21,2025,1208,14,3,red pill conspiracy matrix
RED PILL OR BLUE PILL? Believe? The Conspiracy Theory Podcast | Episode 10 out now,Believe? The Myths & Conspiracies Pod,2024-02-28,2024,496,9,0,red pill conspiracy matrix
Aliens Made The Matrix? Tahir Investigates,High In The Sky,2025-06-03,2025,418,26,2,red pill conspiracy matrix
We Will Never Escape The Matrix,ZOKX FF,2025-07-31,2025,744,0,0,red pill conspiracy matrix
THE RED PILL MEANING IN THE MATRIX WAS FOR TRANSGENDERS... SOMEBODY LIED TO THE BLACK MANOSPHERE 📱,The G.O.A.T. Debater,2026-05-09,2026,158,25,3,red pill conspiracy matrix
🚨 The Matrix Is Glitching Hard #conspiracy Is Out There!,Double Penetration,2026-02-06,2026,250,0,0,red pill conspiracy matrix
"The REAL Red Pill, Celebrity Culture, The Matrix, Conspiracy Theories & Wakanda | MDJ Podcast #2",misterDjay - MDJ,2020-06-09,2020,129,10,1,red pill conspiracy matrix
The Matrix A Werewolf Conspiracy Exposed! You’ll Never Watch It the Same,Fun Theory X,2025-03-01,2025,100,1,1,red pill conspiracy matrix
Red Pill or Blue? The Matrix & End Times,Faith Sower Ministries,2025-04-10,2025,147,7,0,red pill conspiracy matrix
"Red Pill Regimen, my sister. #peotry #comedy #beatpoetry #slampoetry #conspiracy #truth #redpill",Sigma Centauri,2023-05-27,2023,90,2,0,red pill conspiracy matrix
Red pill or Blue pill. Matrix,Zebra_223,2022-09-26,2022,68,1,0,red pill conspiracy matrix
Woke Tiktok Conspiracy theories 2023 | ⚠️They don't want you to see this⚠️  | Redpill/Matrix |Angels,Broad Consciousness,2023-03-24,2023,60,0,0,red pill conspiracy matrix
"The CBDC & The ""Financial Matrix",The Node Channel,2026-05-01,2026,58,9,1,red pill conspiracy matrix
Red Blue Pill (matrix) #jesus #hell #matrix #redblue,STEPStoGOD,2025-11-25,2025,347,0,0,red pill conspiracy matrix
Motivational Quote | Red Pill Philosophy Quotes | The Rabbit Hole 🐇#shorts,Secret Garden of Wisdom ,2023-05-22,2023,48,0,0,red pill conspiracy matrix
The Matrix is REAL?! Red Pill Conspiracy DECODED,Technically Speaking,2025-06-24,2025,58,1,0,red pill conspiracy matrix
Woke TikTok Conspiracy Theories 18  March 2023 | The Matrix | Red Pill conversations.,Broad Consciousness,2023-03-18,2023,37,1,0,red pill conspiracy matrix
Is the new world order real? #shorts #redpill #corruption #worldeconomicforum #thematrix #conspiracy,Big Gang Theory,2022-12-28,2022,34,2,1,red pill conspiracy matrix
Woke TikTok Conspiracy Theories Reaction ⚠️ | The Matrix | Red Pill conversations.,Broad Consciousness,2023-03-22,2023,30,0,0,red pill conspiracy matrix
Human Beings Operate on Matrix Programming #redpill #bluepill #thematrix,AkshaunTV,2024-01-12,2024,29,3,0,red pill conspiracy matrix
The Red Pill Revelation 🕶️🌌 #matrix  #redpill  #virtualreality  #simulation,MindFuel Mix,2023-08-17,2023,33,0,0,red pill conspiracy matrix
Unlocking the Truth Neos MindBlowing Journey into the Matrix,JRE DIGEST,2023-07-16,2023,22,1,0,red pill conspiracy matrix
Morpheus & Pills: Decoding the Red/Blue Pill Matrix,The ABCs or Act Like You Know!,2025-07-13,2025,42,0,0,red pill conspiracy matrix
Andrew Tate is Lying to You about The Matrix. #redpill Full Video in Channel!,ModernVault,2024-03-03,2024,45,2,1,red pill conspiracy matrix
What If MATRIX Is Real? | Are We Living in a Simulation?,CONSPIRACY DETECTIVE,2025-04-11,2025,41,2,0,red pill conspiracy matrix
Music Industry #music #industry #satan #matrix #red #pills #foryou #fyp #shorts,WeGoUpToday,2023-02-15,2023,17,0,0,red pill conspiracy matrix
Roy: A Life Well Lived | Rick and Morty | Adult Swim,Adult Swim,2015-08-03,2015,24062222,266301,11717,we live in a simulation matrix
Is Reality Real? The Simulation Argument,Kurzgesagt – In a Nutshell,2017-09-21,2017,21601761,528681,50258,we live in a simulation matrix
We Live in a Simulation. The evidence is everywhere. All you have to do is look.,The Why Files,2022-06-07,2022,18261686,552896,56391,we live in a simulation matrix
The woman in the red dress | The Matrix [Open Matte],Flashback FM,2019-11-01,2019,17450876,119259,9785,we live in a simulation matrix
A Glitch In The Matrix Caught On Camera At Disneyland #shorts,Nostalgia Mountain,2022-06-20,2022,15940218,384600,3886,we live in a simulation matrix
Craziest Coincidence or Glitch in the Matrix ? 💀🤯 | Kuldeep Singhaniaa #shorts,Kuldeep Singhania Shorts,2025-11-07,2025,25914045,745533,3519,we live in a simulation matrix
He realised he was living in a simulation 🫢🤯 #movie #series,Movie Nights,2024-12-06,2024,13259675,1003408,1647,we live in a simulation matrix
Are we Stuck in the Matrix 🤯🌌 ? | Kuldeep Singhania #shorts,Kuldeep Singhania Shorts,2025-06-11,2025,22007233,726821,4312,we live in a simulation matrix
Joe Rogan & Elon Musk - Are We in a Simulated Reality?,JRE Clips,2018-09-07,2018,10602839,176178,20485,we live in a simulation matrix
Why Elon Musk says we're living in a simulation,Vox,2016-08-15,2016,10432856,183257,20301,we live in a simulation matrix
I Tried to Convince Intelligent AI NPCs They are Living in a Simulation,TmarTn2,2023-07-27,2023,10201274,228307,18475,we live in a simulation matrix
Proof We Live in a Simulation…,The Face of Horror,2025-09-09,2025,22410412,445975,3427,we live in a simulation matrix
Are we in the Matrix?😎 Neil deGrasse Tyson & Laurence Fishburne reveal the Science Behind the Matrix,StarTalk,2025-01-15,2025,9764596,600762,8860,we live in a simulation matrix
Are we Living in a Loop ? 🤯➰ | Kuldeep Singhaniaa #shorts,Kuldeep Singhania Shorts,2025-06-02,2025,14289169,585522,5334,we live in a simulation matrix
Are we living in a Simulation or Loop ? 💀🤯 | Kuldeep Singhaniaa #shorts,Kuldeep Singhania Shorts,2025-07-09,2025,13403345,504257,3543,we live in a simulation matrix
Proof We Live in a Simulation..,Krishna Sahay,2023-07-12,2023,7202703,253960,6122,we live in a simulation matrix
Futurama PROVES Our Universe is a Simulation? #shorts #futurama,Trevor Treefort Shorts,2025-07-25,2025,9255962,418359,8836,we live in a simulation matrix
Elon Musk’s First Question to AGI 🤯 | #shorts #elonmusk,MarkUs Podcast,2026-02-18,2026,11108006,244313,7566,we live in a simulation matrix
What is The Matrix? | The Matrix [Open Matte],Flashback FM,2019-12-07,2019,5298608,58190,7230,we live in a simulation matrix
Compilation: Our Reality is an Illusion,The Why Files,2024-07-01,2024,4517441,117976,12837,we live in a simulation matrix
Are we living in a simulation ? By Neil Degrasse Tyson #neildegrassetyson #startalk,The Cosmological Reality,2021-10-26,2021,4293456,233975,8896,we live in a simulation matrix
Neil deGrasse Tyson: The Harsh Truth About Horoscopes (sorry but it’s true),The Diary Of A CEO,2025-10-13,2025,4224828,109281,10576,we live in a simulation matrix
You are a Simulation & Physics Can Prove It: George Smoot at TEDxSalford,TEDx Talks,2014-02-12,2014,4137036,33538,9084,we live in a simulation matrix
Are You In A Simulation?,Vsauce3,2017-09-21,2017,4130496,150963,12144,we live in a simulation matrix
Are we Stuck in a Reincarnation Matrix ? 💀🤯 | Kuldeep Singhaniaa #shorts,Kuldeep Singhania Shorts,2025-08-10,2025,7149462,276688,1248,we live in a simulation matrix
“We’re in the Matrix” Tech CEO's Cryptic Last Words | blameitonjorge,blameitonjorge,2020-05-29,2020,3933081,82182,15381,we live in a simulation matrix
The Matrix Was a Documentary,Optic Lure,2021-12-21,2021,3040107,72148,8043,we live in a simulation matrix
He Cracked Reality Then CIA Took His Work,Be Inspired,2025-08-20,2025,2915455,109938,11132,we live in a simulation matrix
We Live in a Simulation. The evidence is everywhere. All you have to do is look. | Donald Hoffman,Tom Bilyeu,2023-07-11,2023,2824224,32684,7436,we live in a simulation matrix
The Matrix - Part 2 ( Finding Another Way ) 💵🧐 | Kuldeep Singhania #shorts,Kuldeep Singhania Shorts,2023-06-19,2023,2812764,204276,1798,we live in a simulation matrix
Proof We’re Living in a Simulation!,InnovatorGuy,2022-01-31,2022,2870282,93409,1461,we live in a simulation matrix
Neil deGrasse Tyson Explains the Simulation Hypothesis,StarTalk,2020-03-18,2020,2653822,78340,10484,we live in a simulation matrix
Proof We Are Living In A Simulation #Shorts,InterestingDaily,2022-09-03,2022,2190618,136017,1182,we live in a simulation matrix
This Video Game Designer Thinks We're Living in a Simulation,JRE Clips,2024-05-16,2024,1988482,28953,9457,we live in a simulation matrix
Scientists Finally Reveal We Are Already Living In SIMULATION,GetsetflySCIENCE by Gaurav Thakur,2023-04-26,2023,1906783,77303,3320,we live in a simulation matrix
5 People Who Discovered We Are In A Simulation,Matthew Santoro,2021-04-07,2021,1902111,46520,7159,we live in a simulation matrix
The Universe is NOT a Simulation,Thomas Mulligan,2025-12-17,2025,3287849,138829,4878,we live in a simulation matrix
The Unexplained Simulation Theory Using a DeWalt Laser,Shawn Ryan Clips,2025-11-14,2025,1784938,44017,5954,we live in a simulation matrix
AI Expert Lex Fridman Weighs in on Simulation Theory,JRE Clips,2020-02-04,2020,1749323,27674,3709,we live in a simulation matrix
Programmer Discovers a Bug in The Simulation We Live In And Decides to Restart The Universe,Movie Recaps,2023-11-27,2023,1548257,29860,1936,we live in a simulation matrix
Proof that we live in a simulation? 🌌,3D Poly Films,2026-04-12,2026,2962203,94066,1495,we live in a simulation matrix
Leben wir in einer Matrix? | Harald Lesch,Terra X Lesch & Co,2017-01-25,2017,1508172,33334,3930,we live in a simulation matrix
Are we living in a simulation? - Zohreh Davoudi,TED-Ed,2019-10-08,2019,1419827,37469,3403,we live in a simulation matrix
The REAL Reason Scientists Know We're In A Simulation,The Diary Of A CEO Clips,2025-12-20,2025,1365794,27461,4472,we live in a simulation matrix
are we living in a simulation?,Indian scientist,2023-07-09,2023,1347078,101220,1886,we live in a simulation matrix
The Most Convincing Time Traveler,Beyond Discovery,2024-08-09,2024,1190073,10759,669,we live in a simulation matrix
Why You're Probably Not a Simulation,Cool Worlds,2020-09-04,2020,1072092,33175,7884,we live in a simulation matrix
He Glitched Reality on Live TV… and a Parallel Reality Appeared,Be Inspired,2025-10-15,2025,1083186,32653,4521,we live in a simulation matrix
I’ll Prove It - THE SIMULATION IS REAL,Chase Hughes,2025-07-27,2025,1045999,43959,4659,we live in a simulation matrix
Are You Living in a Simulation? How to Break the Mental Loop (Neville Goddard – No BS Guide),Philosophical Essence,2024-09-24,2024,1021302,23210,1257,we live in a simulation matrix
Neo - 'The One' | The Matrix [Open Matte],Flashback FM,2016-11-11,2016,33436032,192887,9792,matrix was right simulation
Kung Fu: Neo vs Morpheus | The Matrix [Open Matte],Flashback FM,2016-11-05,2016,15980032,114871,7051,matrix was right simulation
Glitches in the Matrix,All Time,2022-12-08,2022,5549288,356168,6288,matrix was right simulation
The Matrix of Today: Influences and References Explained,The Take,2019-09-09,2019,4350982,62324,6333,matrix was right simulation
The Science of the Matrix with Laurence Fishburne,StarTalk,2025-01-15,2025,4358116,157898,15788,matrix was right simulation
All I’m Offering is the Truth | The Philosophy of the Matrix,Einzelgänger,2021-10-21,2021,3993497,98839,7703,matrix was right simulation
Big Change in How We Train Robots,Cleo Abram,2025-02-13,2025,1970482,109260,2220,matrix was right simulation
The Doctor Who Proved We Live in a Simulation… Then Vanished,Motech,2025-06-03,2025,957045,26659,3406,matrix was right simulation
SIMULATION THEORY (Documentary) - Is Reality Simulated?,metaRising,2021-03-26,2021,950836,15895,2938,matrix was right simulation
Is the Matrix Actually Real? 🐇🕶️ Through the Wormhole | Science Channel,Science Channel,2026-02-25,2026,926720,8422,779,matrix was right simulation
Can We Prove We’re Not In A Simulation? | Neil deGrasse Tyson,Wonder Science,2023-05-28,2023,878925,27557,2096,matrix was right simulation
The Creepiest Detail You Missed in The Matrix!,Silver Screen Corner,2024-10-21,2024,1061512,0,2194,matrix was right simulation
23 Glitch in the Matrix TikToks that Prove We MIGHT Live in a Simulation... Scary Side of TikTok,LoeyLane,2024-09-08,2024,534334,19146,3046,matrix was right simulation
11 Bizarre True Glitch In The Matrix Stories (Vol. 3),Lets Read!,2019-03-13,2019,414200,9684,1052,matrix was right simulation
22 Glitch in the Matrix TikToks that PROVE we Live in a Simulation in 2025 | Scary Side of TikTok,LoeyLane,2025-05-23,2025,333570,14379,2400,matrix was right simulation
The Matrix is a System Neo (1999),Douglas Steven Luna,2016-10-30,2016,288242,5139,700,matrix was right simulation
What happened to the humans who protected the machines? #matrix #matrixexplained #shorts,Matrix Explained,2024-09-10,2024,327569,9260,457,matrix was right simulation
"""The Matrix of Life"": You’re Trapped in a Fake Reality—Here’s How to Escape (Full Audiobook)",Library of Wisdom,2025-03-27,2025,209321,7255,1351,matrix was right simulation
Glitches In The Matrix! (Complete Edition 2025),All Time,2025-07-31,2025,204350,5597,530,matrix was right simulation
"15 Glitch in the Matrix TikToks to Make You Say ""We're in a Simulation"" | The Scary Side of TikTok",LoeyLane,2026-02-23,2026,171765,9194,958,matrix was right simulation
How To Exit The Matrix Before The Next Simulation Begins - Near Death Experience (NDE),Tia Renee,2024-06-22,2024,160723,5471,2023,matrix was right simulation
Simulation Theory - 50 Mind Blowing Facts That Prove We're in a Matrix,Psyche Chill,2025-04-13,2025,158816,1522,455,matrix was right simulation
Agent Smith's best scene in The Matrix #matrix #agentsmith #hugoweaving #morpheus,Best Movie Moments,2023-06-02,2023,196847,7355,337,matrix was right simulation
"""This PROVES We're in a Simulation – Glitches in the Matrix & Mandela Effects You Can't Unsee!""",Artofkickz,2025-04-14,2025,126296,4265,783,matrix was right simulation
Dark Side Of Reality Glitches in the Matrix that Will Freak You Out!,50M Videos,2025-10-25,2025,120120,1777,147,matrix was right simulation
Proof We Are Living in a Simulation,Tyson Marty,2022-08-28,2022,131650,1826,76,matrix was right simulation
21 Glitch In The Matrix TikToks That Break Reality! (SIMULATION PROOF) P.4,Fittie,2025-05-20,2025,61489,2519,264,matrix was right simulation
Are we living in 'The Matrix’? They’re looking for the code,CNN,2026-01-12,2026,71807,1670,347,matrix was right simulation
Glitches In Reality That Prove We Live In A Simulation 🤯 #glitchinthematrix #strange #scary,Fact Frenzy,2024-06-13,2024,56620,1816,33,matrix was right simulation
The MATRIX Was Closer to REALITY Than We Thought | Rizwan Virk,Next Level Soul Podcast,2026-03-12,2026,51016,2276,151,matrix was right simulation
10 Hours of Glitch in the Matrix Stories w haunting rain sounds,Darek Weber,2024-09-08,2024,46083,965,77,matrix was right simulation
"Elon musk talks about the matrix, ""we are in a simulation"" #elonmusk #ai #tesla #twittervsthreads",vocal vignettes,2023-08-15,2023,61551,1494,63,matrix was right simulation
A Matrix é real? O experimento que mudou TUDO,Bud,2026-03-17,2026,46230,2216,100,matrix was right simulation
"""What If The Matrix Is Real Life?"" w/Neil deGrasse Tyson",The Science Wonder,2025-04-18,2025,43784,1693,37,matrix was right simulation
10 True Glitch In The Matrix Stories | Oddities within our Simulation,As The Raven Dreams,2024-09-16,2024,19899,969,180,matrix was right simulation
10 True Glitch In The Matrix Stories That Will Patch Your Simulation,As The Raven Dreams,2024-08-26,2024,15881,825,85,matrix was right simulation
Glitch In The Matrix Stories - Stories About Our Simulated Reality,As The Raven Dreams,2025-10-20,2025,15785,796,119,matrix was right simulation
Der Energie-Code der Matrix / Das wahre Geheimnis des Geldes in der Simulation entschlüsselt,Ouroboros,2026-01-03,2026,14939,697,45,matrix was right simulation
6 True GLITCH IN THE MATRIX Stories That Will Move You Through The Simulation,As The Raven Dreams,2025-06-09,2025,13606,726,79,matrix was right simulation
The Matrix and Vedanta: Simulated Reality Explained,Adhvaitha,2024-01-19,2024,9462,620,61,matrix was right simulation
Are we living in a simulation? These people see ‘The Matrix’ code,CNN,2026-01-08,2026,11928,129,30,matrix was right simulation
Girl thinks she’s escaping the matrix,Gabriella Annalisa,2023-01-30,2023,159325750,5845053,30683,glitch in the matrix real life
The INFINITE FOOD Glitch,Tommo Carroll,2023-05-21,2023,109761274,3868129,40746,glitch in the matrix real life
Wall Slide In Real Life? 🤔,Matt Larose,2022-12-04,2022,109070195,5378413,12385,glitch in the matrix real life
Video Game Glitches be like… Part. 10 #gaming #shorts,NicsNite,2023-03-28,2023,72666815,3032213,22527,glitch in the matrix real life
The Glitch,Corridor Digital,2012-12-17,2012,65218285,707337,40621,glitch in the matrix real life
Video Game glitches be like… Part. 9 #gaming #shorts,NicsNite,2023-03-15,2023,47127785,1983769,12598,glitch in the matrix real life
Real Life Glitches Caught On Camera #Shorts,Luke Davidson Facts,2021-06-15,2021,43811341,2390810,20885,glitch in the matrix real life
Glitch in The Matrix On Subway Train (@ayblue) #shorts,VidXiv,2024-10-02,2024,53990996,1327118,2032,glitch in the matrix real life
A Glitch In The Matrix..,Peet Montzingo,2023-01-06,2023,44770012,0,10460,glitch in the matrix real life
Found a glitch in the matrix. #shorts,Ryan HD,2022-08-30,2022,34662975,2077038,9993,glitch in the matrix real life
Why You Get Déjà Vu 🤔,Zack D. Films,2024-07-06,2024,28343966,1963991,20965,glitch in the matrix real life
NBA Glitches in the Matrix 😳,GD's Highlights,2023-08-17,2023,24594342,651583,2419,glitch in the matrix real life
A glitch happened in real life 😱😂,Dylan Anderson,2022-08-12,2022,18835580,809012,19776,glitch in the matrix real life
Glitches in Real Life 😳,Danny Rayes,2023-10-12,2023,17783244,889254,6938,glitch in the matrix real life
Is this a glitch in the matrix?,Project Nightfall,2023-01-16,2023,13836859,758691,3553,glitch in the matrix real life
glitch in the matrix 😭😭 where’d this come from?! #trending #makeupinspo #relatable,Kayla Ryan,2025-12-06,2025,27012890,436678,2175,glitch in the matrix real life
The Reality of Having a Glitch Shot in Real Life.. #glitch,JakeTheJuice,2023-08-28,2023,12095721,456386,1395,glitch in the matrix real life
क्या हम Matrix की दुनिया में है? 😰 | Glitches In Real Life | The Fact | #shorts #ytshorts,The Fact,2022-09-18,2022,10008232,1367087,2041,glitch in the matrix real life
"Creepy Pasta : Time Glitch , Animasi by @chiballanimasi",Rizalmaihndra,2023-09-25,2023,8634837,0,4378,glitch in the matrix real life
When Real Life Glitches…,NicsNite,2024-07-08,2024,8104354,107175,495,glitch in the matrix real life
Beware of the Matrix 💀 ( The car that runs on water mystery ) | Kuldeep Singhaniaa #shorts,Kuldeep Singhania Shorts,2024-11-11,2024,9954571,466817,1336,glitch in the matrix real life
Bird Glitches Through Reality,Daily Dose Of Internet,2023-04-21,2023,7010288,342197,22289,glitch in the matrix real life
Cat Glitch in the Matrix 🐱🐱🐱,Wholesome on Shuffle,2023-10-18,2023,6540976,469590,19928,glitch in the matrix real life
(MOST VIEWED) physics glitch #shorts,Joalor64,2025-05-05,2025,15525947,575771,5673,glitch in the matrix real life
Every Real-Life Glitch Explained in 11 Minutes,Paint Professor,2025-03-11,2025,5895802,193090,10423,glitch in the matrix real life
He invented sports cheat codes in real life… #glitchshot #sports #cheatcodes,JakeTheJuice,2023-07-17,2023,5916781,218218,2095,glitch in the matrix real life
15 Giant Statues Caught Moving On Camera,Chills,2020-06-19,2020,5535346,84368,4515,glitch in the matrix real life
A Real-Life Glitch Caught Mid-Marathon,Beggydone,2025-11-10,2025,13430094,74526,2210,glitch in the matrix real life
She Found a Real-Life Matrix Glitch,creepyammy,2025-08-14,2025,11593048,187277,906,glitch in the matrix real life
The Real Life Stewie makes his debut! | family guy #short,Epic short movies ,2021-08-15,2021,6498478,301551,2429,glitch in the matrix real life
5 True TIME SLIP Stories | Glitch In The Matrix Tales,Weird World,2017-09-30,2017,4140504,20809,2757,glitch in the matrix real life
Glitches in the Matrix #shorts,Taylor Nikolai,2023-03-08,2023,4003946,235065,1062,glitch in the matrix real life
They Witnessed a Real-Life Glitch in the Matrix,Beggydone,2025-11-21,2025,8072580,54794,392,glitch in the matrix real life
Dalgona Candy Matrix Glitch Caught On Video,creepyammy,2026-03-10,2026,7490835,63931,781,glitch in the matrix real life
Roblox YouTubers That Have FACE REVEALED ft. Tanqr #roblox #shorts #robloxedit #robloxtrend #adoptme,HE,2022-10-31,2022,4191397,175857,8235,glitch in the matrix real life
She Filmed a Real-Life Glitch in the Matrix,Scareologist,2025-12-02,2025,6994110,89949,2538,glitch in the matrix real life
Real-Life Matrix Glitch Caught on Camera,Beggydone,2025-10-21,2025,6671120,69851,1412,glitch in the matrix real life
the REAL Glitch... #shorts #animation #cartoon,Glitch,2023-11-18,2023,3788299,118739,2550,glitch in the matrix real life
Why things Feel “OFF” Lately — The GLITCH.,Chase Hughes,2025-06-18,2025,3187929,155838,18242,glitch in the matrix real life
INFINITE MONEY GLITCH IN REAL LIFE WITH NFT'S?!,Crypto Mason 2,2021-12-09,2021,3007941,95323,2067,glitch in the matrix real life
Unexplained Real-Life Glitches 🌎,VIRALISTS,2023-11-05,2023,2847002,107417,1430,glitch in the matrix real life
Unlocking Alien Fusions In Real Life! (Ben 10),RyanGray 3D,2025-06-20,2025,5829478,32451,61,glitch in the matrix real life
REAL LIFE GLITCHES CAUGHT ON CAMERA!,Ron Wright,2021-10-16,2021,2277314,116555,461,glitch in the matrix real life
Red Pill Interview Gone Wrong,Anti.Prophet,2023-10-09,2023,18455000,1584951,12785,matrix red pill truth
All I'm offering is the truth | The Matrix [Open Matte],Flashback FM,2019-11-12,2019,4393690,45030,4361,matrix red pill truth
THE MATRIX---NEO TAKES THE RED PILL AND WAKES UP IN THE REAL WORLD ---FULL HD,EPIC TV CLIPS,2019-08-29,2019,928817,8198,1345,matrix red pill truth
Why i left the RED-PILL,JustPearlyClips,2025-06-23,2025,962247,15191,1227,matrix red pill truth
THE MATRIX---NEO LEARNS THE HORRIBLE AND SAD TRUTH ABOUT THE MATRIX FROM MORPHEUS---FULL HD,EPIC TV CLIPS,2019-08-24,2019,438638,6186,922,matrix red pill truth
The Red Pill Is Beta Behavior || @BridgesStudio,HealthyGamerGG,2025-01-16,2025,362405,18746,1027,matrix red pill truth
The TRUTH about the RED PILL: what to expect on the path to understanding,Orion Taraban,2023-03-28,2023,319311,18354,1737,matrix red pill truth
Black Pill Truth: Escaping Despair & Finding Real Purpose,The Patriarch,2025-04-24,2025,414759,7610,13,matrix red pill truth
Her Delusion Gets DISMANTLED With The Truth😭 @FreshFitMiami #freshandfit #redpill #thetruthredpill,Say the Truth,2023-06-30,2023,176974,10064,550,matrix red pill truth
Blue or Red Pill? 💊 The Matrix (1999),CineQuotes,2023-12-04,2023,279775,4830,131,matrix red pill truth
Red Pill and Blue Pill- The Truth about the Story of OJ and Jays Message about Money,363 Empire,2017-07-10,2017,117851,1930,408,matrix red pill truth
The Real Red Pill | Part 1 | THE REAL TRUTH EXPOSED in The Matrix,Not Without You,2022-05-04,2022,99460,0,50,matrix red pill truth
She Argues... Then Flirts?! | Red Pill Truth About Women @JustPearlyThings,JustPearlsOfWisdom ,2025-07-22,2025,152159,2398,60,matrix red pill truth
TRUTH About Tate's CASE..😱 #freetopg #shorts #viral #world #redpill,SonnyFaz,2023-02-01,2023,79776,5399,98,matrix red pill truth
"Red Pill, Blue Pill, and Terane- The Truth About Halloween, Black Magic, and Religion",363 Empire,2015-10-31,2015,65781,1289,193,matrix red pill truth
Snoop Dogg - Red Pill Reality (Matrix Version),AI Smoke Sessions,2026-01-25,2026,61404,2099,160,matrix red pill truth
The Matrix (1999): Banned Alternate Ending and Hidden Truth They Tried to Hide,The Vintage Fame,2026-03-07,2026,55335,1283,161,matrix red pill truth
Redpill vs Normal Guy #fyp #streetinterview #redpill #newyork,Just Clipz ,2025-08-17,2025,64579,2179,405,matrix red pill truth
Red and Blue Pill- The Truth about Squid Games and Humanity,363 Empire,2021-10-28,2021,38314,2640,181,matrix red pill truth
The Dark Truth Behind the Red & the Blue Pills? | MATRIX EXPLAINED,Matrix Explained,2024-03-12,2024,37678,1660,212,matrix red pill truth
Explaining The Redpill & The 5 Stages  Every Man Will Go Through...,Chisha Zed,2021-07-31,2021,32954,1266,305,matrix red pill truth
"🌐 [THE MATRIX] Neo Discovers the TRUTH - ""Welcome to the Real World!"" 💊🔥",Galatea ,2025-04-17,2025,45254,940,19,matrix red pill truth
Women Don't Care About Men (Red Pill Truth),Tripp Advice,2019-10-24,2019,23998,468,136,matrix red pill truth
The Matrix (1999) | Neo Takes the Red Pill and Wakes Up to Reality😱☠️💀#viralvideo #johnmctiernan,Funny Ghost 29,2025-06-26,2025,47442,438,1,matrix red pill truth
Dr Peterson sums up the red pill movement precisely #philosophy,John Roger,2023-09-21,2023,33005,354,37,matrix red pill truth
TRUTH about THE RED PILL no one talks about!,Brandon Carter,2023-06-20,2023,19553,721,90,matrix red pill truth
MONOGAMY IS BS 😱#shorts #redpill #womenempowerment #truth,The High Powered Podcast,2022-11-07,2022,19520,2427,641,matrix red pill truth
Blue Pill or Red pill? Check the Free ITP Guide Link in Bio🔨,Layonz Academy,2024-05-05,2024,34733,551,69,matrix red pill truth
💊 Neo’s First Encounter With The Matrix | The Red Pill Awakens,Marcellus,2025-07-01,2025,38771,813,11,matrix red pill truth
Redpill Truths | @ImanGadzhi w/ @MattKelly,Iman Gadzhi Moments,2022-11-27,2022,17680,623,26,matrix red pill truth
Rollo Tomassi Reveals The TRUTH About Red Pill vs. Blue Pill,Valuetainment Short Clips,2022-04-17,2022,16695,334,65,matrix red pill truth
The truth about the red pill vs blue pill #matrix #matrixexplained #shorts,Matrix Explained,2024-09-15,2024,15815,627,8,matrix red pill truth
🧠 Neo Wakes Up to the Truth – The Matrix Is a Lie! 💊🔥 | The Matrix (1999)#movie,BlinkFlicks,2025-07-09,2025,21656,464,6,matrix red pill truth
"💊 [THE MATRIX] The RED PILL Moment - ""Welcome to the REAL World!"" 🌍🔴",Galatea ,2025-04-15,2025,22445,347,18,matrix red pill truth
The Truth Pill: Matrix and Awakening,Conscious Existence,2026-01-01,2026,15249,510,18,matrix red pill truth
THE TRUTH ABOUT RED PILL,FreshandFit Clips,2023-07-11,2023,7698,325,16,matrix red pill truth
Red Pill Truths about women - Feminist Reacts,Emily Walsh,2021-06-01,2021,6860,60,522,matrix red pill truth
"Taking The Red Pill: For Some, The Truth Is Hard To Swallow",MRC-Video,2020-05-19,2020,5732,893,64,matrix red pill truth
THE TRUTH ABOUT RED PILL & CHRIST! 💊👀✝️,Christ-Developed,2023-07-12,2023,5715,0,38,matrix red pill truth
Why Conservative Commentators Won’t Tackle Red Pill Truths @The Crucible,JustPearlsOfWisdom ,2025-06-25,2025,8825,246,1,matrix red pill truth
"""All I am offering is the TRUTH"" - The Matrix - Blue Pill or Red Pill",Light In The Dark Place,2021-06-15,2021,5306,73,0,matrix red pill truth
MindBlowing Insight The Unbelievable Truth Men and Women Must Know,FitTalksShorts,2023-07-05,2023,5080,26,0,matrix red pill truth
Take The Red Pill... How The Matrix Gets THIS WRONG,Good Fight Ministries,2025-04-08,2025,9200,768,34,matrix red pill truth
The HIDDEN TRUTH About The Matrix and the Bible,Love Factual ,2022-10-27,2022,4851,184,48,matrix red pill truth
Redpill Vol. 2: Obstacles to the Truth PART I,Red Sampson,2021-01-18,2021,4806,186,11,matrix red pill truth
The COLD Truth About Women (Red Pill/MGTOW),Jordan Green,2020-07-15,2020,4444,168,136,matrix red pill truth
