titulo,canal,fecha,año,vistas,likes,comentarios,idioma,query
Is Reality Real? The Simulation Argument,Kurzgesagt – In a Nutshell,2017-09-21,2017,21602084,528680,50259,en,simulation theory explained matrix
We Live in a Simulation. The evidence is everywhere. All you have to do is look.,The Why Files,2022-06-07,2022,18263981,552939,56395,en,simulation theory explained matrix
The woman in the red dress | The Matrix [Open Matte],Flashback FM,2019-11-01,2019,17452842,119275,9788,en,simulation theory explained matrix
Craziest Coincidence or Glitch in the Matrix ? 💀🤯 | Kuldeep Singhaniaa #shorts,Kuldeep Singhania Shorts,2025-11-07,2025,25932282,746308,3524,en,simulation theory explained matrix
Are we Stuck in the Matrix 🤯🌌 ? | Kuldeep Singhania #shorts,Kuldeep Singhania Shorts,2025-06-11,2025,22010902,726903,4313,en,simulation theory explained matrix
Joe Rogan & Elon Musk - Are We in a Simulated Reality?,JRE Clips,2018-09-07,2018,10602982,176178,20484,en,simulation theory explained matrix
Why Elon Musk says we're living in a simulation,Vox,2016-08-15,2016,10432872,183256,20301,en,simulation theory explained matrix
Are we in the Matrix?😎 Neil deGrasse Tyson & Laurence Fishburne reveal the Science Behind the Matrix,StarTalk,2025-01-15,2025,9766095,600789,8859,en,simulation theory explained matrix
Keanu explains Matrix to young girl #keanureeves #matrix #movie #story,Cine Informer,2024-04-17,2024,10062536,447473,12380,en,simulation theory explained matrix
Are we living in a Simulation or Loop ? 💀🤯 | Kuldeep Singhaniaa #shorts,Kuldeep Singhania Shorts,2025-07-09,2025,13408857,504424,3544,en,simulation theory explained matrix
"""The Only Mistake Everyone Missed In The Matrix"" w/Neil deGrasse Tyson",The Science Wonder,2025-04-15,2025,13820685,245761,3926,en,simulation theory explained matrix
Proof We Live in a Simulation..,Krishna Sahay,2023-07-12,2023,7202946,253956,6125,en,simulation theory explained matrix
Beware of the Matrix 💀 ( The car that runs on water mystery ) | Kuldeep Singhaniaa #shorts,Kuldeep Singhania Shorts,2024-11-11,2024,9956276,466839,1336,en,simulation theory explained matrix
"Top Psychologist, Donald Hoffman: Seeing True Reality Would Kill Us! I Can Prove It To You!",The Diary Of A CEO,2025-07-31,2025,6709493,170591,23075,en,simulation theory explained matrix
Futurama PROVES Our Universe is a Simulation? #shorts #futurama,Trevor Treefort Shorts,2025-07-25,2025,9256044,418360,8834,en,simulation theory explained matrix
What is The Matrix? | The Matrix [Open Matte],Flashback FM,2019-12-07,2019,5301550,58219,7237,en,simulation theory explained matrix
Compilation: Our Reality is an Illusion,The Why Files,2024-07-01,2024,4519708,118007,12845,en,simulation theory explained matrix
The Science of the Matrix with Laurence Fishburne,StarTalk,2025-01-15,2025,4360527,157962,15797,en,simulation theory explained matrix
"Matrix multiplication as composition | Chapter 4, Essence of linear algebra",3Blue1Brown,2016-08-08,2016,4196402,86724,3237,en,simulation theory explained matrix
All I’m Offering is the Truth | The Philosophy of the Matrix,Einzelgänger,2021-10-21,2021,3993660,98844,7703,en,simulation theory explained matrix
The Matrix Was a Documentary,Optic Lure,2021-12-21,2021,3041313,72166,8042,en,simulation theory explained matrix
How to Survive the Matrix 🍪 #shorts,The Film Theorists,2025-02-04,2025,3219637,293334,465,en,simulation theory explained matrix
We Live in a Simulation. The evidence is everywhere. All you have to do is look. | Donald Hoffman,Tom Bilyeu,2023-07-11,2023,2824330,32682,7436,en,simulation theory explained matrix
The Matrix - Part 2 ( Finding Another Way ) 💵🧐 | Kuldeep Singhania #shorts,Kuldeep Singhania Shorts,2023-06-19,2023,2812865,204272,1798,en,simulation theory explained matrix
Proof We’re Living in a Simulation!,InnovatorGuy,2022-01-31,2022,2871323,93410,1462,en,simulation theory explained matrix
Neil deGrasse Tyson Explains the Simulation Hypothesis,StarTalk,2020-03-18,2020,2654010,78344,10484,en,simulation theory explained matrix
4.3 Matrix Chain Multiplication - Dynamic Programming,Abdul Bari,2018-02-16,2018,2420013,30791,835,en,simulation theory explained matrix
Is Reality Real? Shocking Quantum Science Explains Why We're Living In A Simulation!!,Dr. Mayim Bialik,2025-03-14,2025,2343306,60668,4840,en,simulation theory explained matrix
What The Architect Scene in The Matrix ACTUALLY Means,Stories That Inspire,2025-11-05,2025,2213300,42245,4623,en,simulation theory explained matrix
Understanding the Finite Element Method,The Efficient Engineer,2021-04-27,2021,2195108,57515,1101,en,simulation theory explained matrix
This Video Game Designer Thinks We're Living in a Simulation,JRE Clips,2024-05-16,2024,1989331,28963,9457,en,simulation theory explained matrix
Scientists Finally Reveal We Are Already Living In SIMULATION,GetsetflySCIENCE by Gaurav Thakur,2023-04-26,2023,1907125,77303,3321,en,simulation theory explained matrix
The Creepiest Simulation Theory Ever Explained 🤯,Shawn Ryan Show,2025-11-12,2025,3524775,76869,2868,en,simulation theory explained matrix
The Universe is NOT a Simulation,Thomas Mulligan,2025-12-17,2025,3287932,138826,4878,en,simulation theory explained matrix
The Unexplained Simulation Theory Using a DeWalt Laser,Shawn Ryan Clips,2025-11-14,2025,1788717,44088,5962,en,simulation theory explained matrix
AI Expert Lex Fridman Weighs in on Simulation Theory,JRE Clips,2020-02-04,2020,1749412,27675,3710,en,simulation theory explained matrix
Are we living in a simulation? - Zohreh Davoudi,TED-Ed,2019-10-08,2019,1419880,37469,3401,en,simulation theory explained matrix
The REAL Reason Scientists Know We're In A Simulation,The Diary Of A CEO Clips,2025-12-20,2025,1371296,27581,4486,en,simulation theory explained matrix
"Dear linear algebra students, This is what matrices (and matrix manipulation) really look like",Zach Star,2020-03-05,2020,1363508,44320,593,en,simulation theory explained matrix
are we living in a simulation?,Indian scientist,2023-07-09,2023,1347095,101220,1886,en,simulation theory explained matrix
DMT Laser Test Blew My Mind—What Is This? 👀,Chase Hughes,2025-03-14,2025,1696016,40510,2481,en,simulation theory explained matrix
"Cyberpunk Documentary PART 3 | The Matrix, System Shock, Snow Crash, Hackers, VR & Simulation Theory",Indigo Gaming,2021-11-13,2021,1101679,31361,2873,en,simulation theory explained matrix
I’ll Prove It - THE SIMULATION IS REAL,Chase Hughes,2025-07-27,2025,1048053,44037,4666,en,simulation theory explained matrix
Why Elon musk think We are in a Simulation ?  ,Rishabh Bidhuri,2025-10-27,2025,1005228,32475,7239,en,simulation theory explained matrix
The Doctor Who Proved We Live in a Simulation… Then Vanished,Motech,2025-06-03,2025,958419,26682,3406,en,simulation theory explained matrix
SIMULATION THEORY (Documentary) - Is Reality Simulated?,metaRising,2021-03-26,2021,951098,15902,2938,en,simulation theory explained matrix
Michio Kaku DEBUNKS simulation theory,EliteCut,2023-05-07,2023,1020528,38858,1889,en,simulation theory explained matrix
Is the Matrix Actually Real? 🐇🕶️ Through the Wormhole | Science Channel,Science Channel,2026-02-25,2026,931893,8450,782,en,simulation theory explained matrix
"Proof You're Living In The Matrix - Reality, Consciousness & Simulation Theory | Donald Hoffman",Tom Bilyeu,2023-01-17,2023,911115,13796,2050,en,simulation theory explained matrix
सिमुलेशन क्या है ? | Matrix  Simulation Concept Analysis,FactTechz,2017-04-11,2017,885475,40969,3880,en,simulation theory explained matrix
Is Anything Real?,Vsauce,2013-06-03,2013,23376119,669031,64061,en,are we living in a simulation philosophy
It Will Give You Goosebumps - Alan Watts On Existence,True Meaning,2022-03-11,2022,7358601,184924,7719,en,are we living in a simulation philosophy
Are You Living in a Simulation? How to Break the Mental Loop (Neville Goddard – No BS Guide),Philosophical Essence,2024-09-24,2024,1021332,23210,1257,en,are we living in a simulation philosophy
Are we living in a Matrix Simulation? Why should we doubt our reality? | Sumsub,Sumsub,2023-02-09,2023,690026,9275,1596,en,are we living in a simulation philosophy
Can We Prove We’re Not In A Simulation? | Neil deGrasse Tyson,Wonder Science,2023-05-28,2023,879714,27569,2096,en,are we living in a simulation philosophy
Are We Living in a Simulation? – 8-Bit Philosophy,Wisecrack,2017-01-31,2017,461282,15339,2169,en,are we living in a simulation philosophy
The Simulation Hypothesis is Wrong,Duncan Clarke,2021-07-29,2021,388274,17210,4854,en,are we living in a simulation philosophy
You’re Not Inside a Simulation — You’re Inside Something Much Stranger,Beyond Reality,2026-04-26,2026,194670,0,1300,en,are we living in a simulation philosophy
Nobel Prize Just Given for Proving the Universe Isn't Real! {REUPLOAD},Tom Bilyeu,2026-05-08,2026,193468,5870,1673,en,are we living in a simulation philosophy
The Simulation Hypothesis Explained by Nick Bostrom,Science Time,2024-03-23,2024,184893,3107,588,en,are we living in a simulation philosophy
Simulation Theory - 50 Mind Blowing Facts That Prove We're in a Matrix,Psyche Chill,2025-04-13,2025,159694,1528,456,en,are we living in a simulation philosophy
क्या दुनिया एक सिम्युलेशन है? | Are we living in a Simulation?,Arpit Explains,2024-06-01,2024,126408,5686,562,en,are we living in a simulation philosophy
Are We Living in a Brahma's Simulation? The Hindu Maya Theory Explained,Indian Monk,2025-03-15,2025,120312,3805,410,en,are we living in a simulation philosophy
Are We Living In A Simulation? Consciousness & A Theory Of Everything | Tom Campbell,Mind-Body Solution,2023-08-27,2023,117854,2082,308,en,are we living in a simulation philosophy
"SIMULATION THEORY: Proof, Quantum Physics, & Mandela Effect Glitches",J. Horton Films,2023-10-12,2023,116813,1848,615,en,are we living in a simulation philosophy
Proof We Are Living in a Simulation? (My Experiment),MR. PRAYOGER,2026-01-14,2026,104422,6489,975,en,are we living in a simulation philosophy
David Chalmers - Are We Living in a Simulation?,Closer To Truth,2021-04-08,2021,103331,2576,753,en,are we living in a simulation philosophy
Are We Living In A Simulation? | Earth Science,BBC Earth Science,2016-11-24,2016,99167,2012,571,en,are we living in a simulation philosophy
Are We Living In A Simulation? | हिंदी,Quera Official,2026-04-24,2026,99502,2777,251,en,are we living in a simulation philosophy
Philosopher's Urgent Warning: The Simulation We Live in is About to Break! | Jason Jorjani,Danny Jones Clips,2025-04-11,2025,79564,1931,412,en,are we living in a simulation philosophy
Are we living in a Simulation? Are you even real | Conspiracy Theory,GeeksforGeeks,2024-08-10,2024,107965,3246,113,en,are we living in a simulation philosophy
Are we living in a #simulation? Michio Kaku responds. #shorts,Big Think,2023-10-18,2023,81690,4209,433,en,are we living in a simulation philosophy
LORD Dattatreya Reveals Are We Living In SIMULATION?,Deep Knowledge,2025-05-06,2025,69270,2585,164,en,are we living in a simulation philosophy
Do We Live in a Simulation? Baudrillard's Simulation and Simulacra,The Living Philosophy,2021-12-05,2021,60811,2602,323,en,are we living in a simulation philosophy
We’re Living in a Simulation… (This Physicist Explains Why),Align Podcast,2026-04-23,2026,24218,575,127,en,are we living in a simulation philosophy
Do We Live in a Simulation? #AskAFriar (Aquinas 101),The Thomistic Institute,2024-10-28,2024,19231,783,73,en,are we living in a simulation philosophy
Elon Musk: Are We Living in a Simulation?🤔 | Joe Rogan Podcast,AtomicFlow,2025-11-11,2025,30922,399,13,en,are we living in a simulation philosophy
Are We Living in a Simulation? | Neil deGrasse Tyson Explains,CosmicThreads ,2025-08-30,2025,29052,0,30,en,are we living in a simulation philosophy
Are We Living in a Simulation? 😱 w/ Neil deGrasse Tyson,Cosmos Calculated,2025-10-13,2025,30729,1029,49,en,are we living in a simulation philosophy
Are we living in a Simulation?,The Unknown,2025-02-25,2025,15772,687,32,en,are we living in a simulation philosophy
Elon Musk நம்பும் கூற்று Are We Living in a Simulation? 🤯💻 #shorts #facts #elonmusk #fyp #viral,JUST BOOM FACT,2026-04-10,2026,23890,0,9,en,are we living in a simulation philosophy
Are We Living in a Simulation? 🤖 Dive into the thought-provoking conversation between Neil deGrasse,Theo Bites,2025-01-16,2025,11020,389,15,en,are we living in a simulation philosophy
Are We Living in a Quantum Simulation? | Late Science For Sleep,Science Hidden Corners,2025-09-16,2025,10915,143,20,en,are we living in a simulation philosophy
Elon Musk: Are We Living in a Simulation? 🤔,InstantInsporationYT,2024-08-05,2024,10136,218,11,en,are we living in a simulation philosophy
We Live in a Simulation! Dr. Roman Yampolskiy on AI & Reality,Philosophy Everyday,2025-09-13,2025,10175,206,69,en,are we living in a simulation philosophy
Are We Living in a Simulation? 🤔 Unraveling the Matrix Mystery!,Theo Bites,2025-01-16,2025,9923,167,6,en,are we living in a simulation philosophy
100 Proofs We’re Living in a Simulation to Fall Asleep To,Sleep or Think,2025-06-08,2025,9523,148,13,en,are we living in a simulation philosophy
Physicists Reveal 100% Proof We’re Living in a Simulation,MindWorld,2025-03-30,2025,9227,192,41,en,are we living in a simulation philosophy
Are we live in a Simulation #drtanujain #philosophy #shorts #short #upsc,Tathastu-ICS ,2023-11-17,2023,9525,511,6,en,are we living in a simulation philosophy
Are We Living in a Simulation? | The Science Behind the Simulation Theory | Mindverse, Mindverse,2025-08-05,2025,6320,147,64,en,are we living in a simulation philosophy
Are We Really Living in a Simulation? The Evidence Is Everywhere | Documentary for Sleep,The Midnight Narrator,2025-09-06,2025,5890,80,9,en,are we living in a simulation philosophy
Are We Living in a Simulation  Neil deGrasse Tyson Explains,CraftCrazed,2025-07-30,2025,10654,154,16,en,are we living in a simulation philosophy
Are We Living in a Simulation? Nick Bostrom Explains #neildegrassetyson #morphus #neo #thematrix,Fact Pulse,2025-02-14,2025,6771,140,10,en,are we living in a simulation philosophy
"Wake Up, Neo | The Matrix [Open Matte]",Flashback FM,2019-11-03,2019,9165856,67818,5606,en,matrix philosophy explained
The Matrix Ending Explained: A Guide to Freeing Your Mind,The Take,2019-08-31,2019,5494433,114816,8968,en,matrix philosophy explained
Just Let Go | The Philosophy of Fight Club,Einzelgänger,2020-06-11,2020,4422863,157257,3671,en,matrix philosophy explained
All I'm offering is the truth | The Matrix [Open Matte],Flashback FM,2019-11-12,2019,4395367,45048,4360,en,matrix philosophy explained
The Matrix of Today: Influences and References Explained,The Take,2019-09-09,2019,4351033,62326,6333,en,matrix philosophy explained
Carrie-Anne Moss Says Keanu Reeves Has a Masterful Understanding of Action in The Matrix,Entertainment Weekly,2021-12-10,2021,6011784,179939,4113,en,matrix philosophy explained
THE MATRIX: THERE IS NO SPOON,Pablo PARRADO,2011-03-02,2011,3410137,35000,4098,en,matrix philosophy explained
The Matrix Reloaded - The Architect Scene 1080p Part 1,1RiotKing,2017-03-02,2017,3339272,24986,5743,en,matrix philosophy explained
XXXTENTACION - How To Escape The Matrix (FREE YOUR MIND),Blue Vanity,2022-11-23,2022,3324074,166863,9986,en,matrix philosophy explained
"Cartesian Skepticism - Neo, Meet Rene: Crash Course Philosophy #5",CrashCourse,2016-03-07,2016,2932008,53497,2117,en,matrix philosophy explained
The Matrix Meeting Morpheus Scene HD,TheMatrixFan314,2012-07-06,2012,2914212,21975,3162,en,matrix philosophy explained
On Finally Understanding The Matrix Sequels,Just Write,2018-09-29,2018,1844973,47536,4656,en,matrix philosophy explained
The Matrix Tried To Warn You,Moon,2022-08-28,2022,1611440,76271,5270,en,matrix philosophy explained
What Makes Agent Smith One Of The Most Terrifying Villains In Film History,Nerdstalgic,2022-09-02,2022,1153603,41098,2644,en,matrix philosophy explained
MATRIX Philosophy and Cinematography #shorts #short #viral #movie #explained #hindi,Film Q,2024-10-30,2024,1044041,0,6,en,matrix philosophy explained
The Matrix: Smith Was Never the Real Villain (Original Version),Narrative Signals,2025-04-17,2025,973770,24116,3996,en,matrix philosophy explained
The Matrix: Why We Can't Unplug – Wisecrack Edition,Wisecrack,2020-04-10,2020,808873,22803,2370,en,matrix philosophy explained
Agent Smith was RIGHT! | MATRIX EXPLAINED,Matrix Explained,2020-09-10,2020,789929,21788,3322,en,matrix philosophy explained
"The Matrix Reloaded, Explained - What Would Neo Do?",The Take,2020-03-05,2020,722786,12420,845,en,matrix philosophy explained
Cinema Therapy: Is THE MATRIX TRILOGY a Philosophy 210 course?,Cinema Therapy,2021-12-10,2021,674445,31583,2666,en,matrix philosophy explained
Matrix Universe & Story Explained || ComicVerse,ComicVerse,2021-09-11,2021,663543,47139,2447,en,matrix philosophy explained
The Creepiest Detail You Missed in The Matrix!,Silver Screen Corner,2024-10-21,2024,1061965,0,2194,en,matrix philosophy explained
You Are Trapped In THE MATRIX Of Your Mind | ThinkSpy,ThinkSpy,2024-09-03,2024,632401,20631,979,en,matrix philosophy explained
What did Baudrillard think about The Matrix?,Jonas Čeika - CCK Philosophy,2019-09-11,2019,614449,22234,2242,en,matrix philosophy explained
The Most Profound Words in Matrix Come From Agent Smith,Stories That Inspire,2026-04-04,2026,573785,23981,2346,en,matrix philosophy explained
Free your mind,Life's Simple,2025-02-07,2025,548301,24388,843,en,matrix philosophy explained
(THE MATRIX) Neo - Choice,CineVore,2021-10-13,2021,526124,11238,1036,en,matrix philosophy explained
"The Merovingian was the First ""One""! | MATRIX EXPLAINED",Matrix Explained,2021-07-30,2021,484911,7865,698,en,matrix philosophy explained
Nothing Exists But You | The Philosophy of Solipsism,Einzelgänger,2022-06-30,2022,451744,16199,2161,en,matrix philosophy explained
Cypher Was Always Right | MATRIX EXPLAINED,Matrix Explained,2025-07-22,2025,454310,10553,2252,en,matrix philosophy explained
The Architect Told Neo The Truth — And Nobody Noticed,Matrix Explained,2026-03-11,2026,441205,15868,2467,en,matrix philosophy explained
The ENTIRE Story Of The Matrix In 36 Minutes,JarToon,2025-11-02,2025,408727,4694,370,en,matrix philosophy explained
Bro just explained the Matrix,Shwetabh Gangwar,2024-07-15,2024,442888,41012,408,en,matrix philosophy explained
#movie The Matrix Reloaded: Ultimate Action & Philosophy Explained! 🕶️⚡🤯,FilmFables,2026-01-16,2026,745495,10671,79,en,matrix philosophy explained
How did AGENT SMITH Become a VIRUS in the Matrix,Stories That Inspire,2026-01-26,2026,383986,7048,496,en,matrix philosophy explained
The Matrix Iceberg Explained,natiscool,2021-11-26,2021,355095,5161,505,en,matrix philosophy explained
How The Oracle Outsmarted Agent Smith In The Matrix,Stories That Inspire,2025-11-24,2025,347636,8561,894,en,matrix philosophy explained
String Theory Explained – What is The True Nature of Reality?,Kurzgesagt – In a Nutshell,2018-03-01,2018,26239013,713154,23289,en,what is reality philosophy
Ep : 1 | What is Philosophy? Dr. Vikas Divyakirti,Vikas Divyakirti,2022-12-17,2022,14378893,352021,26389,en,what is reality philosophy
Ep : 3 | Search for Ultimate Reality in Metaphysics | Dr. Vikas Divyakirti,Vikas Divyakirti,2023-01-07,2023,9858471,181799,11150,en,what is reality philosophy
“Perception vs Reality | Deep Philosophy Shorts”,𝑾𝒆𝒍𝒍 𝑴𝒊𝒏𝒅 𝑯𝒖𝒃®,2025-07-29,2025,15387603,367590,2978,en,what is reality philosophy
What Is Reality?,History of the Universe,2024-08-31,2024,7591615,114123,4702,en,what is reality philosophy
The 8 Greatest Philosophical Theories You Need to Know,Aperture,2023-08-25,2023,5138493,105308,5480,en,what is reality philosophy
Level 1 to 100 Philosophy Concepts to Fall Asleep To,Smarter While You Sleep,2025-04-02,2025,4594846,111276,1933,en,what is reality philosophy
What Is The Meaning Of LIFE? - Elon Musk,Karl Niilo,2022-04-17,2022,5521111,234896,6475,en,what is reality philosophy
Becoming Who You Really Are - The Philosophy of Friedrich Nietzsche,Pursuit of Wonder,2021-02-03,2021,3982938,135546,3876,en,what is reality philosophy
Cosmology in Ancient Hindu Philosophy | Roushan Ranjan,Roushan Ranjan,2023-12-29,2023,3617680,262974,3458,en,what is reality philosophy
Is reality real? These neuroscientists don’t think so | Big Think,Big Think,2021-09-12,2021,3393917,84517,6612,en,what is reality philosophy
PHILOSOPHY - René Descartes,The School of Life,2015-09-11,2015,3341704,55481,1787,en,what is reality philosophy
Alan Watts - What Is Reality?,Official Alan Watts Org,2020-12-09,2020,3191015,40971,1928,en,what is reality philosophy
Do we see reality as it is? | Donald Hoffman | TED,TED,2015-06-11,2015,3071044,59304,5341,en,what is reality philosophy
The Biggest Ideas in Philosophy,Aperture,2023-05-18,2023,2974753,61444,1705,en,what is reality philosophy
Hinduism: The UNKNOWN Answer to the Big Bang Theory!,HinduAcademy,2025-06-18,2025,4797669,130666,2356,en,what is reality philosophy
Leonardo DiCaprio & The Nature of Reality: Crash Course Philosophy #4,CrashCourse,2016-02-29,2016,2759650,50437,2242,en,what is reality philosophy
How do you know you exist? - James Zucker,TED-Ed,2014-08-14,2014,2592049,39897,3577,en,what is reality philosophy
Reality is a perspective - what's the truth? #reality #truth #perspective #shorts,TheGeoecologist,2025-05-06,2025,5636901,110162,1238,en,what is reality philosophy
Day-9 { DARK REALITY IN OSHO }🤯💥 @AbhishekKar #osho #osholife #shorts,MONEY GROWTH ,2025-07-24,2025,5088384,0,277,en,what is reality philosophy
Reality of OSHO | History Facts Day-36/75 #shorts,Fact's Clues,2024-05-06,2024,3873396,108980,627,en,what is reality philosophy
Do We Have Free Will? Science & Philosophy Explained | Dr. Vikas Divyakirti Interview | Sufitramp,Sufiyan Alam,2025-10-29,2025,1975922,56110,6339,en,what is reality philosophy
Consciousness Theory,Thomas Mulligan,2024-02-01,2024,1999268,167169,3033,en,what is reality philosophy
Your brain doesn’t detect reality. It creates it. | Lisa Feldman Barrett,Big Think,2023-07-13,2023,1874288,61511,2759,en,what is reality philosophy
The Physics and Philosophy of Time - with Carlo Rovelli,The Royal Institution,2018-06-13,2018,1385962,21639,2011,en,what is reality philosophy
Most Powerful Alan Watts Speech,Motivational Speech,2021-10-21,2021,1905685,54685,815,en,what is reality philosophy
The PHILOSOPHER Who Solved The MEANING of LIFE? Leo Tolstoy,PhiloNautica ,2024-11-21,2024,1228941,20546,2807,en,what is reality philosophy
Consciousness: The Fundamental Reality,Aperture,2020-04-10,2020,1192043,58959,3291,en,what is reality philosophy
Our Universe is an illusion! #advaita #universe #shorts,Hyper Quest,2024-05-15,2024,1038068,96151,1670,en,what is reality philosophy
Consciousness and the Mystery of Existence - Documentary about Consciousness and Reality,metaRising,2020-04-30,2020,979129,22584,2687,en,what is reality philosophy
Is reality Real? Quantum Mechanics | Short Film | sci-fi,Sufiyan Alam,2024-12-02,2024,1652957,94008,1914,en,what is reality philosophy
Cave Theory #dharmendrasir #gyrussulcus #psychology #facts #people #education #plato #philosophy,GYRUS SULCUS,2025-12-08,2025,890711,33737,1666,en,what is reality philosophy
Exploring Nihilism : The Philosophy of Nothing || #hindi,Something Called CURIOUS,2023-10-04,2023,867388,38852,3279,en,what is reality philosophy
The 7 Levels of Reality,Aperture,2025-09-25,2025,674754,25535,1496,en,what is reality philosophy
7 Mind-Blowing Proofs of God from Hindu Philosophy! 🕉,Hyper Quest,2025-05-22,2025,653809,22808,2960,en,what is reality philosophy
There are two kinds of reality | Roger Penrose,The Institute of Art and Ideas,2025-03-21,2025,669918,19581,615,en,what is reality philosophy
YouTube: Art or Reality? | Philosophy Tube,Philosophy Tube,2018-12-07,2018,496907,29924,2171,en,what is reality philosophy
The Ultimate Reality 🌟 || Vikas Divyakirti Sir,Thrive With Bhaskar,2023-07-23,2023,399974,18088,395,en,what is reality philosophy
OSHO: What Is the Meaning of Life?,OSHO International,2024-12-20,2024,392833,22541,391,en,what is reality philosophy
Mind the Gap Between Perception and Reality | Sean Tiffee | TEDxLSCTomball,TEDx Talks,2016-02-18,2016,270455,3956,190,en,what is reality philosophy
The Complete Philosophy of Al-Ghazali for Sleep,SleepNomad,2025-08-26,2025,262653,4655,246,en,what is reality philosophy
Ramanujan’s Dream! #physics #philosophy #ramanujan #dream #reality,Sufiyan Alam,2026-04-12,2026,429940,22395,244,en,what is reality philosophy
The HIDDEN Truth Beyond Reality | Advaita Vedanta Philosophy,ThinkSpy,2025-09-19,2025,189356,6890,462,en,what is reality philosophy
Quantum Quandaries: When Philosophy Drives Physics | World Science Festival,World Science Festival,2025-01-03,2025,188845,2982,472,en,what is reality philosophy
Unmasking Advaita: Vedic Truth or Buddhist Idea? #philosophy #adishankaracharya #vedanta,Hyper Quest,2025-08-02,2025,316256,10709,633,en,what is reality philosophy
Dark Reality of Sufitramp! Sufitramp & Vyom separate! #standupcomedy #philosophy #disappointment,Sufiyan Alam,2026-04-15,2026,291496,10055,350,en,what is reality philosophy
Arijit singh about philosophy #shorts,PHILL SHORTS,2024-01-11,2024,305349,12276,146,en,what is reality philosophy
Sanatan vs Buddhism vs Jainism #philosophy #truth #religion,Hyper Quest,2025-06-27,2025,225932,13793,566,en,what is reality philosophy
Does Consciousness Create 'Reality' According to Quantum Mechanics?,GetsetflySCIENCE by Gaurav Thakur,2023-10-29,2023,3645190,101630,4183,en,virtual reality consciousness philosophy
David Chalmers Discusses the Hard Problem of Consciousness,StarTalk,2024-11-02,2024,1602680,32221,3395,en,virtual reality consciousness philosophy
The Greatest Discovery About Reality & the Consciousness Behind It | Donald Hoffman,André Duqum,2025-10-14,2025,438410,8203,1287,en,virtual reality consciousness philosophy
Your Life Is A Simulation Prison! - Consciousness Extends Beyond Death & Spacetime? | Donald Hoffman,Tom Bilyeu,2024-03-22,2024,309978,5539,1225,en,virtual reality consciousness philosophy
『荘子』が教える仮想現実の抜け出し方│天才が見つけた思考法,Floating Stories,2025-05-30,2025,114389,2789,220,en,virtual reality consciousness philosophy
We Live in a Virtual Reality! Tom Campbell Explains His TOE,Curt Jaimungal,2024-08-11,2024,79473,2496,1024,en,virtual reality consciousness philosophy
Why Science Can't Explain Consciousness: David Chalmers Reveals the Hard Problem,metaphysicsinminutes,2025-03-09,2025,101494,4430,478,en,virtual reality consciousness philosophy
What If Mind Was a Virtual Reality #rupertspira #advaita #nonduality #spirituality  #enlightenment,Rupert Spira,2023-01-31,2023,18605,1489,119,en,virtual reality consciousness philosophy
Unlocking the Mysteries of Reality: Where Quantum Meets Relativity!,Oska Phoenix,2025-08-12,2025,11351,35,12,en,virtual reality consciousness philosophy
Is Space-Time Just a Headset We Can Hack? 🤯,Oska Phoenix,2025-09-20,2025,8841,102,1,en,virtual reality consciousness philosophy
Living in a Simulation? 🤔🤯 #shortspeeches #shorts,Speech Bit,2024-10-01,2024,2820,73,8,en,virtual reality consciousness philosophy
"I couldn't give a s**t about the philosophy of ""consciousness""",Zubin Damania,2025-12-04,2025,4517,138,34,en,virtual reality consciousness philosophy
The Mind-Bending Truth: Our Reality vs. Actual Reality #reality  #consciousness #philosophy,Curious Matrix,2023-08-19,2023,2676,43,0,en,virtual reality consciousness philosophy
Unlocking the Secrets of Reality: Are We Living in a Virtual Illusion?,Oska Phoenix,2025-09-18,2025,4389,53,7,en,virtual reality consciousness philosophy
Exploring Reality: Insights from Simulation Theory,The Waking Reality,2024-11-15,2024,5295,1777,0,en,virtual reality consciousness philosophy
Is Our Reality a Simulation? Exploring the Simulation Hypothesis,Nightmare Narratives,2023-06-29,2023,1869,46,3,en,virtual reality consciousness philosophy
Two AI's Discuss - Consciousness and our Virtual Reality - Tom Campbell Deep Dive Podcast,Two AIs Discuss Podcast,2024-10-16,2024,1675,53,9,en,virtual reality consciousness philosophy
Unlocking the Illusion: Is Reality Just a Video Game?,Oska Phoenix,2025-09-20,2025,3276,34,1,en,virtual reality consciousness philosophy
Are We Living in a Simulation? 🤯,The Royal Podcast ,2025-11-04,2025,2765,41,4,en,virtual reality consciousness philosophy
"Virtual reality, simulation theory, consciousness, and identity with David Chalmers",Clearer Thinking with Spencer Greenberg,2023-07-14,2023,1322,42,6,en,virtual reality consciousness philosophy
Is This REALITY? Mind-Bending Simulation Theory,Realities,2025-03-23,2025,1317,22,2,en,virtual reality consciousness philosophy
Timothy Leary on Virtual Reality #viral #virtualreality #real #science #foryou #philosophy #tech,Luvenalis Decimus,2024-03-13,2024,1196,14,0,en,virtual reality consciousness philosophy
Is Reality a Simulation? My Big TOE Explained #consciousness,DECRYPTID,2025-07-30,2025,1476,36,9,en,virtual reality consciousness philosophy
Unlock the Secrets of Existence: Are We Just Digital Avatars?,Lauren Knight Hughes,2025-08-11,2025,2050,68,4,en,virtual reality consciousness philosophy
Are we living in a simulation? 🤔 Dive into the illusion!,Oska Phoenix,2025-09-16,2025,2014,27,1,en,virtual reality consciousness philosophy
Are We in a Simulation? The Ancient Indian philosopher who thought So. 1000 years before anyone else,Thinker By Thinker,2025-06-01,2025,2262,147,0,en,virtual reality consciousness philosophy
Unlock the Secrets of Consciousness: The Mind-Bending Truth Revealed!,Oska Phoenix,2025-09-19,2025,1581,34,3,en,virtual reality consciousness philosophy
Is Reality A Simulation? | Joe Rogan & Thomas Campbell Interview Insights,Joe Jennings,2025-03-03,2025,869,15,13,en,virtual reality consciousness philosophy
Are We Living in a Simulation? Quantum Physics Explained,Spiritual Energy Healing Meditations and Retreats,2024-10-15,2024,746,12,1,en,virtual reality consciousness philosophy
Can a perfect circle ever truly exist?,Oska Phoenix,2025-08-15,2025,1471,8,4,en,virtual reality consciousness philosophy
Simulated Reality: Are We Living in a Matrix?,Raskullibur,2023-11-24,2023,702,18,2,en,virtual reality consciousness philosophy
What if reality isn't what it seems? Discover the mind-bending implications of the Double Slit Ex...,Oska Phoenix,2025-08-08,2025,1458,6,0,en,virtual reality consciousness philosophy
Plato’s Cave as Virtual Reality,Root Rule,2025-06-29,2025,1386,41,0,en,virtual reality consciousness philosophy
Tu Vida Es Un Sueño: Despierta la Conciencia Lúcida #shorts,SoñarLucido,2026-03-16,2026,1164,57,16,en,virtual reality consciousness philosophy
Questioning Reality,Existenz Unknown,2025-04-20,2025,1516,8,0,en,virtual reality consciousness philosophy
Terence McKenna | Virtual Reality,Under The Sun Podcasts,2024-09-20,2024,675,19,0,en,virtual reality consciousness philosophy
We live in a Virtual Reality?,Spiralvault ,2025-03-22,2025,615,11,2,en,virtual reality consciousness philosophy
Dive into the Ultimate Debate: Idealists vs. Realists!,Oska Phoenix,2025-08-11,2025,1277,8,0,en,virtual reality consciousness philosophy
Unlock the Secrets of Consciousness! 🧠✨,Oska Phoenix,2025-09-18,2025,1477,9,0,en,virtual reality consciousness philosophy
What if everything you know about consciousness is wrong? 🤯,Oska Phoenix,2025-09-15,2025,1156,16,1,en,virtual reality consciousness philosophy
Consciousness Upload: Heaven or Hell?,Infinimind,2024-12-02,2024,584,11,0,en,virtual reality consciousness philosophy
Is Our Reality Just a Holographic Simulation?,The Cosmic Pillar,2024-10-06,2024,560,8,2,en,virtual reality consciousness philosophy
Unlocking Consciousness: Are We Just Virtual Machines?,VeraVisionMedia ,2025-01-18,2025,550,11,1,en,virtual reality consciousness philosophy
Are We Living in a Hidden Reality? Discover the Truth with Donald Hoffman!,Oska Phoenix,2025-09-19,2025,1274,17,0,en,virtual reality consciousness philosophy
Why is reality more important than virtual reality?🥽🌈 #perspective #virtualreality #philosophy,Nigel Fox,2024-11-18,2024,534,1,0,en,virtual reality consciousness philosophy
"AI, VR, Sim theory are forcing us to rethink Reality as holographic physics #shorts",Simulation,2026-01-29,2026,1083,12,5,en,virtual reality consciousness philosophy
​The Mind is a VR Headset 🎭 #Shorts #Philosophy #newpodcast,Talking To Horses,2026-03-09,2026,1015,20,1,en,virtual reality consciousness philosophy
Fallos En La Realidad Que Demuestran Que Vivimos En Una Simulación Parte 9 🤯 #shorts,Dani itss,2023-08-10,2023,29954674,1730425,5132,es,teoría de la simulación matrix explicada
"DESPUÉS de ESCUCHAR ESTO, ya NO HAY VUELTA ATRÁS | Matrix | Relato y Reflexiones",Farid Dieck,2023-09-13,2023,13952431,390805,11069,es,teoría de la simulación matrix explicada
¿Se puede alterar la realidad? | Jacobo Grinberg y la Teoría Sintérgica explicada,La Máquina de Tesla,2021-08-25,2021,4365427,170352,5297,es,teoría de la simulación matrix explicada
¿Vives dormido? Análisis de Matrix - Enric Corbera Institute,David Corbera - Enric Corbera Institute,2020-04-12,2020,3073212,109202,4453,es,teoría de la simulación matrix explicada
The Matrix - ¿Cómo sabemos si vivimos en una simulación?,Date un Vlog,2018-12-01,2018,1560446,61350,4074,es,teoría de la simulación matrix explicada
"ICEBERG de TEORIAS IMPACTANTES (Conspiraciones, Secretos, Misterios...)",RANDOMAZO,2024-06-03,2024,1272756,33493,1045,es,teoría de la simulación matrix explicada
¿Vivimos en una simulación? ¿Cuál es la realidad?,Astronomiaweb,2020-11-09,2020,1209460,55394,3649,es,teoría de la simulación matrix explicada
🧠 Matrix No Era Ficción: El Mensaje Oculto Que Nadie Te Contó,El Lado Invisible,2025-06-22,2025,581352,16524,1499,es,teoría de la simulación matrix explicada
"🔴PRUEBAS DE QUE VIVIMOS EN UNA SIMULACIÓN: GLITCHES, EXPERIMENTOS Y ENTIDADES #NP199 🔴",Podcast PARANORMAL,2026-02-21,2026,509517,16282,1783,es,teoría de la simulación matrix explicada
¿Qué es realmente la Matrix? | Las reglas del juego de la vida,Mariano Acosta,2020-02-02,2020,235785,10876,1473,es,teoría de la simulación matrix explicada
✅ Matrix  - Explicación Definitiva de la Saga Completa,"Don Luzbel ""Creador de Mundos""",2023-08-25,2023,92415,4257,813,es,teoría de la simulación matrix explicada
La Teoría de la Simulación ► ¿Es REAL el Mundo? ¿Qué dice la FILOSOFÍA?,Adictos a la Filosofía,2025-11-23,2025,72758,5451,442,es,teoría de la simulación matrix explicada
MATRIX É REAL ? #sergiosacani #simulação,Nosso Universo OFC,2024-08-28,2024,91836,3887,152,es,teoría de la simulación matrix explicada
A New Matrix Simulation | MATRIX EXPLAINED,Matrix Explained,2021-01-22,2021,54089,1582,255,es,teoría de la simulación matrix explicada
Are Aliens Secretly Watching Humanity? The Zoo Theory Explained!,Dr. Mayim Bialik,2025-09-04,2025,46268,1088,189,es,teoría de la simulación matrix explicada
LA VIDA ES UNA SIMULACIÓN Y EL UNIVERSO UN VIDEOJUEGO | Teoría de la simulación explicada en 1 min,Xtrent,2023-09-06,2023,63028,2429,74,es,teoría de la simulación matrix explicada
The REAL Purpose of Simulation! | MATRIX EXPLAINED,Matrix Explained,2021-10-23,2021,28218,1422,199,es,teoría de la simulación matrix explicada
The Final Simulation | MATRIX EXPLAINED,Matrix Explained,2020-11-20,2020,27623,1076,163,es,teoría de la simulación matrix explicada
All Simulations Explained | MATRIX EXPLAINED,Matrix Explained,2021-09-03,2021,25893,1088,129,es,teoría de la simulación matrix explicada
"Neo, You’re Trapped in a Simulation, AGAIN! | MATRIX EXPLAINED",Matrix Explained,2022-01-26,2022,24606,1281,222,es,teoría de la simulación matrix explicada
The REAL Purpose of the Training Simulation | MATRIX EXPLAINED,Matrix Explained,2020-11-14,2020,23364,1108,112,es,teoría de la simulación matrix explicada
Si viviéramos en una simulación ¿cómo codificar la Matrix?,Luis Analógico Digital,2023-02-22,2023,25555,948,16,es,teoría de la simulación matrix explicada
Why They Use Phones to HACK the Simulation? | MATRIX EXPLAINED,Matrix Explained,2021-04-10,2021,18232,991,192,es,teoría de la simulación matrix explicada
La Filosofía de Matrix Explicada: El Significado de la Pastilla Roja,Cosmos Narrativo,2025-01-23,2025,16619,606,91,es,teoría de la simulación matrix explicada
The Simulation Restart | MATRIX EXPLAINED,Matrix Explained,2021-05-01,2021,16588,871,149,es,teoría de la simulación matrix explicada
Simulacra & Simulation Easter Eggs | MATRIX EXPLAINED,Matrix Explained,2021-06-10,2021,16072,780,105,es,teoría de la simulación matrix explicada
Teoría de la Simulación en Futurama,Trascendencia,2025-04-01,2025,31636,1394,12,es,teoría de la simulación matrix explicada
Is NEO Back inside the Simulation? | MATRIX EXPLAINED,Matrix Explained,2021-03-07,2021,14310,734,155,es,teoría de la simulación matrix explicada
Teoría de Simulación CONFIRMADA por Neil deGrasse Tyson | Entrevista subtitulada | MATRIX INTERVIEW,LosCabrownes,2020-03-20,2020,13787,228,30,es,teoría de la simulación matrix explicada
Bill & Ted's Excellent... Simulation? | MATRIX EXPLAINED,Matrix Explained,2020-08-27,2020,12715,544,131,es,teoría de la simulación matrix explicada
TODO LO QUE TE OFREZCO ES LA VERDAD ▶ La FILOSFOFÍA DETRÁS de MATRIX - La Caverna de Platón,Filosofía de Vida,2023-05-04,2023,12724,611,30,es,teoría de la simulación matrix explicada
Fathers of the Simulation | MATRIX EXPLAINED,Matrix Explained,2021-06-20,2021,11489,690,93,es,teoría de la simulación matrix explicada
Matrix: ¿Cómo predice el FUTURO el ORACULO? Explicacion y ciencia de las Simulaciones,"Los viejos Cienticeros Quanticos, nos mudamos",2022-01-31,2022,10143,247,22,es,teoría de la simulación matrix explicada
¿Vivimos en una SIMULACIÓN? La Teoría Científica que Cambiará tu Realidad |Universo Matrix Explicado,Finales Reimaginados,2025-05-14,2025,12250,358,18,es,teoría de la simulación matrix explicada
Was Zion the Real World! - They never Left the Matrix!? - Matrix theory,JustJo,2020-10-12,2020,6111,174,32,es,teoría de la simulación matrix explicada
🧠Matrix y Simulacra: La Realidad es una Ilusión | Filosofía de Baudrillard Explicada🔵💊,Hackeatumente,2024-07-05,2024,4209,189,14,es,teoría de la simulación matrix explicada
A HIPÓTESE DA SIMULAÇÃO explicada além de MATRIX,Urban TV Brasil,2026-02-27,2026,7659,296,0,es,teoría de la simulación matrix explicada
La Matrix Real: La Teoría de la Simulación de Nick Bostrom,Sabiduría y Reflexiones,2024-06-21,2024,3134,105,6,es,teoría de la simulación matrix explicada
La Filosofía de Matrix Explicada: ¿Vivimos en una Simulación?,Sabiduría Directa,2025-07-06,2025,2564,88,14,es,teoría de la simulación matrix explicada
¿Es Nuestra Realidad una ILUSIÓN? La Matrix Explicada,Operacion Arconte,2024-10-21,2024,1848,293,8,es,teoría de la simulación matrix explicada
Are We Living INSIDE a GAME? 🧩 The SIMULATION THEORY Explained,Fragment Theory,2025-05-26,2025,1763,31,2,es,teoría de la simulación matrix explicada
¿Vivimos en una SIMULACIÓN? Analizamos la TEORÍA que nos sitúa en el mundo de MATRIX,Newtral,2025-10-24,2025,1741,42,9,es,teoría de la simulación matrix explicada
MATRIX: Machines Are SAVING Humans All Along! Matrix Theories Explained,Jam Punch Storytelling,2024-04-16,2024,1695,76,19,es,teoría de la simulación matrix explicada
What If We’re Living in a Simulation? The Simulation Theory Explained,Narrator Of The Unknown,2026-02-23,2026,2642,58,5,es,teoría de la simulación matrix explicada
"The Wild Project #221 ft Javi Santaolalla & Enric Gel | ¿Puede DIOS existir?, Cuántica y Multiversos",The Wild Project,2023-06-15,2023,12708515,156914,5699,es,vivimos en una simulación filosofía
“Lo más probable es que vivamos en una simulación” La opinión de un físico sobre nuestra existencia,The Wild Project,2023-06-16,2023,2413050,176790,2085,es,vivimos en una simulación filosofía
¿VIVIMOS en una SIMULACIÓN? (Documental de Filosofía) - Sobre la Hipótesis de la REALIDAD SIMULADA,Ram Talks,2023-04-29,2023,1419632,32913,2125,es,vivimos en una simulación filosofía
10 VIDEOS QUE CONFIRMAN QUE VIVIMOS EN UNA SIMULACIÓN | FALLAS EN LA REALIDAD 🤯,iLeorju,2021-05-17,2021,1415403,21373,1069,es,vivimos en una simulación filosofía
Lo que nunca te dijeron de Dios y la simulación | JAVIER WOLCOFF,Rodrigo Macías ,2025-09-15,2025,1100684,49043,5103,es,vivimos en una simulación filosofía
5 RAZONES por las cuales la vida podría ser una SIMULACIÓN - Javi Santaolalla lo ve posible,The Wild Project,2023-06-17,2023,1074621,30477,1196,es,vivimos en una simulación filosofía
Por qué NO Vivimos en una Simulación (seguramente),QuantumFracture,2024-08-15,2024,983330,61930,3233,es,vivimos en una simulación filosofía
¿Y si vivimos en una simulación? #short,Date un Vlog,2023-08-11,2023,964850,104196,1298,es,vivimos en una simulación filosofía
Pruebas de que vivimos una simulación.,DS INTELIGENCIA,2015-03-23,2015,376607,5628,626,es,vivimos en una simulación filosofía
Fallos En La Realidad Que Demuestran Que Vivimos En Una Simulación 😦,Dani itss,2023-10-12,2023,222701,8177,310,es,vivimos en una simulación filosofía
¿El UNIVERSO es solo una SIMULACIÓN?,Cordura Artificial,2022-02-08,2022,211581,19835,1110,es,vivimos en una simulación filosofía
¿Por qué los Científicos dicen que Vivimos en una Simulación?,Lo Que No Sabemos,2025-12-14,2025,183630,7698,984,es,vivimos en una simulación filosofía
¿Vivimos en una simulación? | | DECODE T2 Ep 16,DECODE con DaniNovarama,2025-11-11,2025,56963,2474,360,es,vivimos en una simulación filosofía
"""VIVIMOS EN UNA SIMULACIÓN, INTELIGENCIA ARTIFICIAL Y EL FIN DEL MUNDO / UM CON JULIO ROJAS",Multiverso Media,2026-03-10,2026,45354,1868,125,es,vivimos en una simulación filosofía
¿Vivimos En Una Simulación? Free Guy Lo Revela,El Lado Invisible,2025-07-06,2025,38669,1861,262,es,vivimos en una simulación filosofía
¿Vivimos en una simulación? #pantheon #diegoruzzarin,Diego Ruzzarin,2025-04-01,2025,62513,3183,105,es,vivimos en una simulación filosofía
Are We Living in a Simulation?,Leeor Alexandra,2020-11-05,2020,31668,3109,415,es,vivimos en una simulación filosofía
Vivimos en una simulación?! | DIVAGANDO,Alejandro Salomon ,2023-06-30,2023,30234,1276,125,es,vivimos en una simulación filosofía
¿Vivimos en una Simulación de Computadora?,comentaYT,2019-08-29,2019,25231,1517,268,es,vivimos en una simulación filosofía
¿Vivimos en una simulación?,Monitor fantasma,2023-10-15,2023,22893,2137,209,es,vivimos en una simulación filosofía
Vivimos en una simulación #shorts,Proyecto 89,2022-03-10,2022,13539,1034,29,es,vivimos en una simulación filosofía
Vivimos en una simulación y te lo muestro,Nocheon,2019-05-19,2019,12743,337,65,es,vivimos en una simulación filosofía
Genie 3: ¿vivimos en una simulación?,Taramona,2025-09-01,2025,11812,958,90,es,vivimos en una simulación filosofía
Prueba de que vivimos en una simulación,MAMADEZ,2023-09-28,2023,12269,216,4,es,vivimos en una simulación filosofía
Teoria de la Matrix - ¿Vivimos en una simulación virtual?,"Documentales, Ovnis y conspiraciones",2015-12-30,2015,9504,97,25,es,vivimos en una simulación filosofía
¿VIVIMOS EN UNA SIMULACIÓN? El argumento de Nick Bostrom - El Patio de Sócrates,El patio de Sócrates,2022-01-03,2022,9408,352,40,es,vivimos en una simulación filosofía
Elon Musk: “¡Vivimos En Una Simulación!” El Telescopio James Webb Deja Atónitos a Los Científicos,EspacioTiempo,2023-09-11,2023,6568,178,33,es,vivimos en una simulación filosofía
BLACK MIRROR: ¿VIVIMOS EN UNA SIMULACIÓN? | USS CALLISTER | MENU,MENU,2018-01-27,2018,6411,258,37,es,vivimos en una simulación filosofía
La Realidad Simulada: ¿Vivimos en una Matrix?,El observador cuántico,2025-07-30,2025,5844,158,30,es,vivimos en una simulación filosofía
¿Vivimos en una Simulación? La Prueba Matemática que lo Desmiente 🌌🧠,Famozillos,2025-12-14,2025,11513,119,0,es,vivimos en una simulación filosofía
Vivimos en una simulación? #simulación,Crecimiento Interno,2023-01-06,2023,5396,440,5,es,vivimos en una simulación filosofía
"Si no vivimos en una simulación, como me explicas esto:",Lautaron,2021-10-18,2021,5116,120,3,es,vivimos en una simulación filosofía
¿Vivimos en una simulación? 👀 #tengounplan,Tengo un Plan,2025-03-15,2025,5174,378,6,es,vivimos en una simulación filosofía
#19 2048 - ¿Qué es una simulación? ¿Vivimos en una?,Homocosmico,2019-11-25,2019,4701,40,5,es,vivimos en una simulación filosofía
¿Vivimos en una simulación? Documental sobre el Universo para dormir,Odisea Espacial,2025-04-17,2025,4610,106,22,es,vivimos en una simulación filosofía
"Deconstruyendo ""The Matrix"": ¿Vivimos ya en una simulación?",Adrián Lusardi,2026-01-23,2026,4096,295,28,es,vivimos en una simulación filosofía
VIVIMOS EN UNA SIMULACIÓN 🚹 (Podemos convencerte),IvanbaOficial,2023-10-08,2023,3932,289,33,es,vivimos en una simulación filosofía
¿Por Qué NO Vivimos En Una Simulación? | Ciencia Para Dormir,Ciencia Para Dormir ,2025-10-17,2025,3494,104,6,es,vivimos en una simulación filosofía
¿Vivimos en una SIMULACIÓN creada por la IA?,Conceptos Básicos,2024-03-12,2024,3383,737,161,es,vivimos en una simulación filosofía
Decenas de cientificos piensan que vivimos en una simulación,Mr.Prozak,2023-07-19,2023,3358,252,17,es,vivimos en una simulación filosofía
¿Vivimos en una simulación? Explorando la teoría del universo simulado,AprendeRelax,2023-03-13,2023,3085,151,5,es,vivimos en una simulación filosofía
¿Vivimos en una SIMULACION? ¿MATRIX es Real? Cap#39 La Orden De La Noche Podcast,La Orden De La Noche Podcast,2024-07-22,2024,2859,122,24,es,vivimos en una simulación filosofía
"VIVIMOS EN UNA SIMULACIÓN, CUÁNDO PENSARÁN LAS MÁQUINAS: respuestas de la FILOSOFÍA DE LA MENTE",Juan Pablo Aguilar / FILOSOFIA NEANDERTAL ,2020-05-31,2020,2476,148,31,es,vivimos en una simulación filosofía
¿Vivimos en una Simulación? Programadores debaten #short,hdeleon.net,2023-05-04,2023,2514,140,8,es,vivimos en una simulación filosofía
¿Por qué Matrix estaba 50 años adelantada a su época?,Khe! de Ketz,2023-05-06,2023,2398782,309796,258,es,filosofía de matrix explicada
La Matrix & El Enfoque,Trascendencia,2024-05-18,2024,1451658,98041,1082,es,filosofía de matrix explicada
"🔋Agujeros de Guión: MATRIX RELOADED & REVOLUTIONS (Explicación, errores, review, análisis y resumen)",Agujeros de Guion,2017-05-28,2017,1295413,34167,1426,es,filosofía de matrix explicada
THE MATRIX RESURRECTIONS es mala apropósito y se burla de si misma.,Axl Kss,2022-01-22,2022,1155417,79744,4404,es,filosofía de matrix explicada
Matrix e o Mito da Caverna de Platão | Aula com Lúcia Helena Galvão,NOVA ACRÓPOLE BRASIL,2016-11-29,2016,966104,56766,2078,es,filosofía de matrix explicada
La Teoría Sintérgica de Jacobo Grinberg explicada fácilmente | Despierta y cambia la Matrix Lattice,Sabiduría Prohibida - Raúl Torres,2023-03-29,2023,675510,21463,606,es,filosofía de matrix explicada
A origem da Matrix e o motivo das primeiras versões terem falhado,Elegante,2018-12-23,2018,618313,50043,1088,es,filosofía de matrix explicada
La teoría que explica todo sobre Neo en Matrix: análisis completo,¿Quién es el personaje?,2025-05-07,2025,586496,22502,1930,es,filosofía de matrix explicada
El Oráculo De Matrix Explicado,Looper Español,2021-12-21,2021,571386,12889,474,es,filosofía de matrix explicada
O Mito da Caverna Explicado,Ciência Todo Dia,2023-08-24,2023,487809,56933,1042,es,filosofía de matrix explicada
MATRIX: IMPACTO FILOSÓFICO #meteoro.doc,Meteoro Brasil,2018-07-09,2018,353152,34725,994,es,filosofía de matrix explicada
O segredo de Matrix estava o tempo todo no Cypher,Bruno Albuquerque | SB Cinema,2026-01-14,2026,342914,19004,1206,es,filosofía de matrix explicada
Filme Matrix - Explicação Jamais Feita!,RenanRed,2020-06-09,2020,318261,18584,1108,es,filosofía de matrix explicada
Matrix Explicado: Um Guia para Libertar sua Mente,Criando Raízes | Histórias que nos Moldam,2025-04-28,2025,276438,21078,853,es,filosofía de matrix explicada
MATRIX  Morfeo le explica a Neo la Matrix (Esp. LATINO),julices3000,2020-12-30,2020,261724,3015,439,es,filosofía de matrix explicada
"Mario Sergio Cortella - ""Alice no País das Maravilhas e Matrix: A Filosofia por Trás da Ficção""",Canal do Cortella,2024-10-03,2024,235104,15293,135,es,filosofía de matrix explicada
ES MALA A PROPÓSITO 🔴 Análisis y explicación Matrix 4 #TheMatrix4,IDIOCRACIA 🔪🧠,2022-02-01,2022,225910,7812,1279,es,filosofía de matrix explicada
"MATRIX: FILOSOFÍA profunda y BALAS en CÁMARA LENTA • Perdón, Centennials",Pablo Molinari,2025-04-16,2025,224544,10165,672,es,filosofía de matrix explicada
Matrix Explicada | Una guía para LIBERAR TU MENTE,Las Notas del Aprendiz,2021-06-15,2021,195229,11557,779,es,filosofía de matrix explicada
A relação entre o filme Matrix e a filosofia,NAMU,2015-09-29,2015,184078,7403,247,es,filosofía de matrix explicada
"Matrix explicada con Carl Jung | Arquetipos, sombra e inconsciente colectivo",La Máquina de Tesla,2021-07-22,2021,173416,12679,365,es,filosofía de matrix explicada
Los 7 NIVELES de CONSCIENCIA de la MATRIX,JC Gigamisterios,2023-06-11,2023,158086,6625,504,es,filosofía de matrix explicada
La filosofía oculta en Matrix,portalcienciayficcion,2016-10-30,2016,152254,2590,291,es,filosofía de matrix explicada
Matrix: Arquitecto - Neo | Argumento filosófico profundo,Neo Nova,2018-04-20,2018,140797,1591,199,es,filosofía de matrix explicada
VOCÊ QUER SABER O QUE É MATRIX? (trecho do filme Matrix),Adriano Rizk - Alma Transpessoal,2016-03-19,2016,132498,4361,302,es,filosofía de matrix explicada
Matrix - ¿Qué es Matrix?,Intelart CAV,2013-03-02,2013,130796,1704,188,es,filosofía de matrix explicada
MATRIX 1 (La REVOLUCIÓN de la Inteligencia ARTIFICIAL) Resumen en 11 MINUTOS,COR FES,2021-12-18,2021,104555,2061,114,es,filosofía de matrix explicada
Nadie Entendió la Trilogía de Matrix,Curioseando,2024-09-07,2024,157982,4721,240,es,filosofía de matrix explicada
7 Teorías Filosóficas que Explican 'The Matrix',VaST,2024-10-12,2024,94693,2451,171,es,filosofía de matrix explicada
The Last Matrix Explanation You'll Ever Need,Narrative Signals,2026-02-27,2026,87459,1483,300,es,filosofía de matrix explicada
"""The Matrix"" EXPLAINED In 1 Minute!",Great Movies Explained,2024-06-18,2024,125846,3103,77,es,filosofía de matrix explicada
Análisis del personaje Merovingio en MATRIX: ¿Quién es realmente?,¿Quién es el personaje?,2025-08-03,2025,84606,3330,228,es,filosofía de matrix explicada
Explicación de MATRIX,Noemí Sinobas,2014-04-24,2014,80591,937,0,es,filosofía de matrix explicada
MATRIX  EXPLICAÇÃO COMPLETA: Conversa com o Arquiteto + Oráculo + Escolhido,Dragomna,2021-10-05,2021,75236,3586,154,es,filosofía de matrix explicada
La Matrix Según Jacobo Grinberg – La Teoría Sintérgica y Cómo Estás Creando tu Realidad,ILUSORIUM,2025-06-01,2025,63422,2075,63,es,filosofía de matrix explicada
Matrix - Explicado simplificado,PH Santos,2021-11-16,2021,58291,7154,363,es,filosofía de matrix explicada
LA MATRIX ESTÁ CONSTRUIDA POR TU MENTE - CÓMO SALIR DE ELLA EXPLICACIÓN SENCILLA,Ivan Donalson,2025-04-07,2025,51223,5956,249,es,filosofía de matrix explicada
Matrix | Resumen y Análisis filosófico,FishySotto,2021-11-18,2021,31728,750,37,es,filosofía de matrix explicada
EXPLICAÇÃO DETALHADA SOBRE MATRIX E DIMENSÕES,Jan Val Ellam,2024-08-28,2024,29570,0,96,es,filosofía de matrix explicada
Buddhism and the Matrix (Part 1) - Buddhist Philosophy Explained,Dharma Realm Buddhist University Youtube,2022-08-04,2022,20412,641,58,es,filosofía de matrix explicada
FILOSOFÍA EN MATRIX - Descartes,Minijack Apuntes Sonoros,2015-02-05,2015,19782,194,2,es,filosofía de matrix explicada
"Resumen y filosofía de Matrix: existencialismo, espiritualidad, epistemología y más",Hackeando la Educación,2021-12-26,2021,15778,446,16,es,filosofía de matrix explicada
¿Dios existe? el sorprendente argumento de un filósofo que te dejará sin palabras,The Wild Project,2023-06-18,2023,5712191,371695,9241,es,qué es la realidad filosofía
Está es la triste realidad....#motivacion #reflexion #gumball #desarrollopersonal #exito,Danymotivá,2025-05-17,2025,9612047,355067,3315,es,qué es la realidad filosofía
Psicópolis,miguihendrix,2012-10-16,2012,3688842,94959,4175,es,qué es la realidad filosofía
¿Cuál es el sentido de la vida?,CuriosaMente,2016-06-05,2016,2792087,73648,6634,es,qué es la realidad filosofía
¿Qué es la verdad? #conciencia #reflexion #verdad,Multiversalmentes,2025-01-17,2025,2067270,104326,3436,es,qué es la realidad filosofía
EL MITO DE LA CAVERNA | Draw My Life,TikTak Draw,2020-04-12,2020,1981439,63569,2092,es,qué es la realidad filosofía
La Teoría del Conocimiento en Kant,Unboxing Philosophy,2016-02-24,2016,1785229,30776,744,es,qué es la realidad filosofía
La Metafísica en Aristóteles,Unboxing Philosophy,2015-11-08,2015,1684005,31162,887,es,qué es la realidad filosofía
Aprende TODO Descartes FÁCIL y SENCILLO 😎 (en 15 Minutos) | Filosofía Moderna,Adictos a la Filosofía,2017-05-25,2017,1663288,66136,2050,es,qué es la realidad filosofía
¿Qué es la FILOSOFÍA y qué tiene que ver con la ciencia?,CuriosaMente,2019-12-01,2019,1455000,52088,1678,es,qué es la realidad filosofía
El SUPERHOMBRE Para Que Lo Entiendas FÁCIL 💪 (Nietzsche) | Filosofía,Adictos a la Filosofía,2019-03-29,2019,744863,39859,1628,es,qué es la realidad filosofía
TODO PLATÓN Resumido en 15 Minutos 😎 (FÁCIL!) 🤯,Adictos a la Filosofía,2022-12-08,2022,707742,24477,561,es,qué es la realidad filosofía
Filosofía de KANT - EXPLICADO CON MANZANAS - Crítica de la razón Pura,MARTE 19,2022-05-19,2022,561666,32245,1058,es,qué es la realidad filosofía
Filosofía 2º de Bachillerato: DESCARTES (más fácil de lo que piensas) - TitiCLB,Titi CLB,2020-11-30,2020,543807,19591,557,es,qué es la realidad filosofía
Filosofía 2º de Bachillerato: NIETZSCHE (más fácil de lo que piensas) - TitiCLB,Titi CLB,2021-03-28,2021,518496,18678,602,es,qué es la realidad filosofía
Filosofía 2º de Bachillerato: KANT (más fácil de lo que piensas) - TitiCLB,Titi CLB,2021-01-27,2021,497346,14672,502,es,qué es la realidad filosofía
"V. Completa. El arte de pensar: filosofía para el siglo XXI. José Carlos Ruiz, filósofo y profesor",AprendemosJuntos,2025-03-10,2025,461575,10797,374,es,qué es la realidad filosofía
¿Qué es la FILOSOFÍA? 🧐► Explicado FÁCIL en 7 Puntos!,Adictos a la Filosofía,2022-02-10,2022,433948,23744,708,es,qué es la realidad filosofía
DAVID HUME y la CRÍTICA a la SUSTANCIA 🤔► *Míralo* | Filosofía Moderna,Adictos a la Filosofía,2018-02-16,2018,430317,15845,555,es,qué es la realidad filosofía
Explicando el empirismo de Hume con Minecraft,Platonto,2024-01-28,2024,405324,28506,900,es,qué es la realidad filosofía
Cómo la gente inteligente trata a los estúpidos - La cruda filosofía de Schopenhauer,Neurótico,2025-12-23,2025,400863,19585,2058,es,qué es la realidad filosofía
"La Filosofía de Hegel - Idealismo, Dialéctica y Espíritu Absoluto",La Travesía,2020-06-11,2020,394684,10902,326,es,qué es la realidad filosofía
Las Ideas de Platón explicadas con Minecraft,Platonto,2024-01-19,2024,341869,24669,405,es,qué es la realidad filosofía
Tengo que aceptar! #lamarinchengyaltsen #espiritualidad #sabiduría #budismo #filosofia #felicidad,Paramita,2025-01-17,2025,421446,33521,310,es,qué es la realidad filosofía
¿Seguro que no hay NADA después de la Muerte? 🤔 La Filosofía Responde,Adictos a la Filosofía,2025-03-09,2025,273127,12789,1798,es,qué es la realidad filosofía
"La FILOSOFÍA GRIEGA - Resumen | Los presocráticos, los sofistas, Sócrates, Platón, Aristóteles...",Cuaderno de Historia,2023-02-08,2023,260830,5606,96,es,qué es la realidad filosofía
¿Qué es la Metafísica? Explicación fácil y con ejemplos ,TeoCom,2025-11-25,2025,216143,9283,255,es,qué es la realidad filosofía
¿Cómo SABEMOS que SABEMOS? Qué es Epistemología o Teoría del conocimiento  |  Filosofía desde cero.,Filosofía desde cero.,2021-02-08,2021,211315,6927,396,es,qué es la realidad filosofía
Aprende a crear tu realidad 🧠 Enric Corbera,Enric Corbera,2023-09-22,2023,196629,15729,122,es,qué es la realidad filosofía
Parte 1/3 | La Teoría de las Cuerdas demuestra 11 dimensiones distintas | Dr. Manuel Sans Segarra,Dr. Manuel Sans Segarra,2024-07-05,2024,190829,15772,155,es,qué es la realidad filosofía
Todo cambia cuando te das cuenta que TÚ CREAS tu REALIDAD 🧠 | @IvanDonalson  #14,Héctor Escajadillo,2023-04-18,2023,146083,15879,159,es,qué es la realidad filosofía
Filosofía 2º de Bachillerato: ORTEGA Y GASSET (más fácil de lo que piensas) - TitiCLB,Titi CLB,2021-05-18,2021,96736,2845,105,es,qué es la realidad filosofía
¿QUÉ ES LA METAFÍSICA? - TU RINCÓN DE FILOSOFÍA,Tu rincón de filosofía ,2019-06-07,2019,93564,3030,89,es,qué es la realidad filosofía
EL MITO DE LA CAVERNA de PLATÓN / #RESUMEN EN 1 MINUTO #FILOSOFIA,HIPATIA PODCAST,2024-11-04,2024,128568,8401,88,es,qué es la realidad filosofía
Que es la Realidad?,Saber Mas,2016-02-02,2016,88383,1879,67,es,qué es la realidad filosofía
SUEÑOS ILUSOS (Documental de Filosofía) - ¿Cómo Ajustar las EXPECTATIVAS a la REALIDAD?,Ram Talks,2022-03-19,2022,87499,4479,410,es,qué es la realidad filosofía
La Filosofía de Descartes ► TODO lo que Necesitas Saber (RESUMEN DEFINITIVO),Adictos a la Filosofía,2025-11-30,2025,65740,3829,125,es,qué es la realidad filosofía
01. DISTINTAS REALIDADES FT. @Eklectico & @benditomilo | Filosofía De Calle ,Filosofía De Calle,2026-02-11,2026,63728,2450,108,es,qué es la realidad filosofía
La CRUDA VERDAD de la Existencia: ¿Realmente Importa Tu Vida? | Filosofía de Emil Cioran,Descansad,2025-07-24,2025,62418,3263,905,es,qué es la realidad filosofía
QUE ES LA METAFISICA,ENFOQUE MENTAL,2023-10-22,2023,70972,5003,74,es,qué es la realidad filosofía
El poder de crear tu realidad: Erik Hayser comparte su filosofía | Mejor Q' Ayer con Güero Franco,Mejor Q' Ayer,2024-11-25,2024,52876,1707,154,es,qué es la realidad filosofía
¿Qué es la navidad? #dios #jesus #biblia #navidad #teologia #filosofia,WILITO ART,2023-12-12,2023,53803,4510,224,es,qué es la realidad filosofía
¿Qué es la paradoja de Aquiles y la tortuga? #filosofia #paradoja #shorts,Filoadictos SHORTS,2024-05-27,2024,62762,2811,196,es,qué es la realidad filosofía
Realidad vs Representación #Marx #filosofia #diegoruzzarin,Diego Ruzzarin,2025-08-17,2025,69995,5946,118,es,qué es la realidad filosofía
Tus Palabras Crean Tu Realidad #filosofia #filosofia  #estoicismocotidiano #psychiatrist,Sendero al Virtuosismo,2025-03-06,2025,37452,2827,35,es,qué es la realidad filosofía
Platón - El FILÓSOFO que Imaginó una SOCIEDAD Ideal  #genio #filosofia #historia #curiosidades,InspireX,2024-09-20,2024,57231,1998,29,es,qué es la realidad filosofía
¿Cómo interpretas la realidad? #podcast #odindupeyron #filosofia,Odin Dupeyron,2024-07-22,2024,42514,3179,24,es,qué es la realidad filosofía
¿Sabías que Fromville es en realidad un experimento filosófico? #from #fromtemporada4 #fromily,Angeluseries,2026-04-29,2026,29513,1038,13,es,qué es la realidad filosofía
"Los sueños se convierten en realidad ,suscribete 😉 #sabiduría #estoicismo #filosofía #motivacion",Un gran Sabio,2026-02-20,2026,33938,1606,15,es,qué es la realidad filosofía
La realidad es más profunda de lo que crees,Homo Deus,2025-07-28,2025,751170,16447,624,es,realidad virtual conciencia filosofía
Científico descubre que LA REALIDAD NO EXISTE y hay algo ATERRADOR fuera del Cosmos,Vm granmisterio,2025-09-10,2025,254984,18850,1665,es,realidad virtual conciencia filosofía
"Tu cerebro no detecta la realidad, la crea! (úsalo a tu favor)",Espiritualizar,2024-12-11,2024,129661,4942,102,es,realidad virtual conciencia filosofía
Donald Hoffman: LA REALIDAD ES UNA ILUSIÓN | La Verdad sobre la Conciencia,Universo Consciente,2025-06-27,2025,55447,1908,156,es,realidad virtual conciencia filosofía
Vivimos en una Realidad Virtual #shorts,MientrasViva,2023-12-15,2023,22155,1734,62,es,realidad virtual conciencia filosofía
YO SOY realidad virtual con Samuel Valdivia,Samuel Valdivia 1122,2022-08-05,2022,12218,1214,50,es,realidad virtual conciencia filosofía
LA REALIDAD VIRTUAL DE LOS 5 ELEMENTOS Y ALV #codigosdelmultiverso #viajeinterior #podcast,CODIGOS DEL MULTIVERSO,2024-02-23,2024,11831,1055,77,es,realidad virtual conciencia filosofía
El RIESGO de la realidad virtual 🤯,Héctor Escajadillo,2023-10-07,2023,10226,464,6,es,realidad virtual conciencia filosofía
Qué es la Realidad? #Filosofía #Realidad #TheMatrix #Tecnología #Simulación #Epicovida #Verdad,ÉpicoVida,2024-06-10,2024,11686,211,9,es,realidad virtual conciencia filosofía
La nueva conciencia psicodelica. Terence McKenna. Parte 1. Audiolibro.,barush1000,2023-10-20,2023,4298,141,11,es,realidad virtual conciencia filosofía
Usa tu imaginación para crear tu realidad virtual y sientete mejor ahora  #leydeatraccion,Breathe Light,2023-04-16,2023,4160,530,6,es,realidad virtual conciencia filosofía
#shorts #realidad #realidadvirtual #misterio #cientificos #teoria #simulación #xyzbca #fypシ,MundoConsπranoico,2023-01-13,2023,2714,97,2,es,realidad virtual conciencia filosofía
Virtual Reality: Are We Living in a Simulation?,Tom Campbell,2025-10-26,2025,3836,247,17,es,realidad virtual conciencia filosofía
¡DOMINA TU REALIDAD VIRTUAL!,Vida Coherente,2017-11-22,2017,2267,91,5,es,realidad virtual conciencia filosofía
Virtual Reality: Consciousness as the Ultimate Computer,Tom Campbell,2025-10-27,2025,3023,217,10,es,realidad virtual conciencia filosofía
Realidad Virtual vs. Realidad Primera,Meditación Advaita,2024-10-07,2024,1867,94,6,es,realidad virtual conciencia filosofía
Conspiración cósmica | ¿UN UNIVERSO IRREAL? | ¿VIVIMOS EN UNA REALIDAD VIRTUAL?,LA HEMEROTECA,2017-02-06,2017,1732,41,22,es,realidad virtual conciencia filosofía
ES UNA REALIDAD VIRTUAL (Subtítulos en español),MY BIG TOE en español,2022-02-11,2022,1512,50,3,es,realidad virtual conciencia filosofía
"El efecto del observador y la realidad virtual, para una audiencia general",MY BIG TOE en español,2018-06-08,2018,1389,30,3,es,realidad virtual conciencia filosofía
El uso de la realidad virtual en la terapia psicológica,ASCOFAPSI,2018-09-06,2018,1325,33,2,es,realidad virtual conciencia filosofía
TOM CAMPBELL: LA REALIDAD VIRTUAL Y LA CONSCIENCIA (Subtítulos en CC),MY BIG TOE en español,2021-10-25,2021,1239,43,8,es,realidad virtual conciencia filosofía
Tom Campbell: Virtual Reality | Next Level Soul #shorts,Next Level Soul Podcast,2023-01-09,2023,1247,63,0,es,realidad virtual conciencia filosofía
"LA TEORÍA DE LATTICE, LA REALIDAD Y LA CONCIENCIA (AUDIOLIBRO)",Conciencia Revelada 2.0,2025-03-04,2025,911,31,2,es,realidad virtual conciencia filosofía
Vivimos en una Simulación de Realidad Virtual | Parte 1.,Todo Conciencia,2025-12-26,2025,902,67,8,es,realidad virtual conciencia filosofía
Eckhart Tolle: LA REALIDAD ES UNA ILUSIÓN | La Verdad sobre la Conciencia,El Camino del Despertar,2025-07-02,2025,849,60,3,es,realidad virtual conciencia filosofía
¿Vivimos en una Simulación? | Reflexión | Ilusión | Existencia | Conciencia,Historias Eternas,2024-12-07,2024,859,33,1,es,realidad virtual conciencia filosofía
La nueva conciencia psicodelica. Terence McKenna. Parte 3. Audiolibro.,barush1000,2023-10-21,2023,722,15,0,es,realidad virtual conciencia filosofía
UNA REALIDAD VIRTUAL MUY BIEN HECHA,MY BIG TOE en español,2019-09-11,2019,659,30,3,es,realidad virtual conciencia filosofía
"Ayahuasca, una experiencia alucinante de realidad virtual",Código Espagueti,2019-07-22,2019,653,5,2,es,realidad virtual conciencia filosofía
Realidad virtual? Descúbrelo en este episodio,Dra Sakshi,2023-06-30,2023,629,17,0,es,realidad virtual conciencia filosofía
Probé la realidad virtual para mindfulness 🔥ALUCINANTE,Remociónate,2021-10-16,2021,618,22,3,es,realidad virtual conciencia filosofía
magia de la realidad / Magic in Reality  #inspiracional #realidad #realidadvirtual #magical,The Free Mystic,2024-12-14,2024,771,141,0,es,realidad virtual conciencia filosofía
Lain y la fractura de la realidad - RELATO ANIME #anime #lain #mente #thewired #otaku #90s #red #veo,AEZVI,2025-03-14,2025,573,31,2,es,realidad virtual conciencia filosofía
EL PROPÓSITO DEL UNIVERSO: LA VIDA. Parte 2 #laconciencia #realidadvirtual #existencia #conciencia,Alejandro Freijomil,2025-10-28,2025,1343,23,1,es,realidad virtual conciencia filosofía
🎬🧠 Conciencia Elevada: MATRIX Ciencia y Realidad 🌌💻,Viaje de Conocimiento Infinito ,2025-07-16,2025,1988,24,0,es,realidad virtual conciencia filosofía
Meditación 1 en VR (Realidad Virtual),Nunc FluirelTodo,2022-01-15,2022,530,25,6,es,realidad virtual conciencia filosofía
¿Vivimos en una simulación digital?,Human Files Español,2026-03-28,2026,1189,55,2,es,realidad virtual conciencia filosofía
Realidad Virtual con Conciencia Social - @pamevr de VR Demons,Exa Gaming Oficial ,2025-01-05,2025,474,73,1,es,realidad virtual conciencia filosofía
#supraconscience #lamentededios #infinity #infinitos #mentesubconsciente #realidadvirtual #viralshor,Mindset&mas,2024-10-05,2024,461,16,0,es,realidad virtual conciencia filosofía
Perception vs Reality in VR Gets Terrifying #vr #philosophy,SnakeSpeak,2026-04-27,2026,1195,27,1,es,realidad virtual conciencia filosofía
Algo Contigo - La realidad virtual aplicada al tratamiento de adicciones,Canal 4,2022-05-23,2022,428,9,1,es,realidad virtual conciencia filosofía
Estamos viviendo en una simulación? #galaxias #universo #galaxia #shorts,Wonders Workshop ES ,2025-02-04,2025,418,16,1,es,realidad virtual conciencia filosofía
“ABRAXAS: EL UNIVERSO VIRTUAL” #laconciencia #realidadvirtual #universovirtual #abraxas,Alejandro Freijomil,2025-10-26,2025,1124,21,1,es,realidad virtual conciencia filosofía
"Si la existencia se basa en la autopercepción, ¿qué puede ver una máquina en su realidad?",Jeronimo Bertoni,2024-08-31,2024,415,17,0,es,realidad virtual conciencia filosofía
UN GRAN ENEMIGO DE LA MENTE ES LA REALIDAD VIRTUAL,Maestro Ángel Farpón,2022-09-27,2022,391,92,1,es,realidad virtual conciencia filosofía
¿Dios O Matrix? ¡La Verdad Sobre La Consciencia Revelada!,HispaNation,2025-06-06,2025,1100,6,0,es,realidad virtual conciencia filosofía
Camino de la percepción; Parménides y Realidad Virtual con Nolberto Salinas parte2,Archivos Aether,2020-12-31,2020,374,22,5,es,realidad virtual conciencia filosofía
